length,delete,insert,indel,platform
1,190249,186493,0,BGISEQ500
2,62805,61702,0,BGISEQ500
3,23202,22156,0,BGISEQ500
4,37684,36206,0,BGISEQ500
5,9485,8660,1,BGISEQ500
6,10268,8726,0,BGISEQ500
7,2504,2048,0,BGISEQ500
8,7436,6702,0,BGISEQ500
9,2109,1810,0,BGISEQ500
10,2792,2602,0,BGISEQ500
11,1090,892,0,BGISEQ500
12,3061,2682,0,BGISEQ500
13,859,643,0,BGISEQ500
14,1318,1014,0,BGISEQ500
15,922,637,0,BGISEQ500
16,1289,1057,0,BGISEQ500
17,451,366,0,BGISEQ500
18,725,461,0,BGISEQ500
19,377,234,0,BGISEQ500
20,684,417,0,BGISEQ500
21,263,168,0,BGISEQ500
22,395,164,0,BGISEQ500
23,213,100,0,BGISEQ500
24,385,179,0,BGISEQ500
25,195,66,0,BGISEQ500
26,233,57,0,BGISEQ500
27,139,36,0,BGISEQ500
28,173,66,0,BGISEQ500
29,90,29,0,BGISEQ500
30,153,36,0,BGISEQ500
31,94,15,0,BGISEQ500
32,101,25,0,BGISEQ500
33,47,20,0,BGISEQ500
34,73,19,0,BGISEQ500
35,46,11,0,BGISEQ500
36,63,12,0,BGISEQ500
37,49,9,0,BGISEQ500
38,40,11,0,BGISEQ500
39,45,6,0,BGISEQ500
40,45,10,0,BGISEQ500
41,34,6,0,BGISEQ500
42,41,9,0,BGISEQ500
43,28,11,0,BGISEQ500
44,33,5,0,BGISEQ500
45,18,6,0,BGISEQ500
46,23,3,0,BGISEQ500
47,8,0,0,BGISEQ500
48,21,4,0,BGISEQ500
1,192737,188394,0,BGISEQ500
2,63661,62742,0,BGISEQ500
3,23399,22619,0,BGISEQ500
4,37779,36507,0,BGISEQ500
5,9515,8701,0,BGISEQ500
6,10268,8687,1,BGISEQ500
7,2587,2037,0,BGISEQ500
8,7497,6556,0,BGISEQ500
9,2138,1763,0,BGISEQ500
10,2956,2576,0,BGISEQ500
11,1147,888,0,BGISEQ500
12,3173,2746,0,BGISEQ500
13,824,628,0,BGISEQ500
14,1277,910,0,BGISEQ500
15,816,605,0,BGISEQ500
16,1322,967,0,BGISEQ500
17,428,314,0,BGISEQ500
18,739,426,0,BGISEQ500
19,408,207,0,BGISEQ500
20,703,340,0,BGISEQ500
21,278,144,0,BGISEQ500
22,352,120,0,BGISEQ500
23,208,88,0,BGISEQ500
24,401,157,0,BGISEQ500
25,177,64,0,BGISEQ500
26,205,58,0,BGISEQ500
27,149,44,0,BGISEQ500
28,165,62,0,BGISEQ500
29,90,23,0,BGISEQ500
30,151,25,0,BGISEQ500
31,103,18,0,BGISEQ500
32,115,21,0,BGISEQ500
33,46,20,0,BGISEQ500
34,65,11,0,BGISEQ500
35,49,12,0,BGISEQ500
36,80,11,0,BGISEQ500
37,29,8,0,BGISEQ500
38,43,10,0,BGISEQ500
39,33,10,0,BGISEQ500
40,41,13,0,BGISEQ500
41,27,5,0,BGISEQ500
42,39,3,0,BGISEQ500
43,27,3,0,BGISEQ500
44,32,3,0,BGISEQ500
45,17,3,0,BGISEQ500
46,20,2,0,BGISEQ500
47,16,3,0,BGISEQ500
48,19,5,0,BGISEQ500
49,2,0,0,BGISEQ500
1,193900,190385,0,BGISEQ500
2,65656,63916,0,BGISEQ500
3,23722,22625,0,BGISEQ500
4,39795,38187,0,BGISEQ500
5,9801,8895,0,BGISEQ500
6,10713,9314,0,BGISEQ500
7,2690,2081,0,BGISEQ500
8,8179,7193,0,BGISEQ500
9,2221,1900,0,BGISEQ500
10,3226,2917,0,BGISEQ500
11,1133,905,0,BGISEQ500
12,3476,2949,0,BGISEQ500
13,898,666,0,BGISEQ500
14,1502,1025,0,BGISEQ500
15,964,680,0,BGISEQ500
16,1554,1101,0,BGISEQ500
17,489,347,0,BGISEQ500
18,836,479,0,BGISEQ500
19,390,238,0,BGISEQ500
20,865,443,0,BGISEQ500
21,309,175,0,BGISEQ500
22,452,147,0,BGISEQ500
23,256,94,0,BGISEQ500
24,492,179,0,BGISEQ500
25,220,65,0,BGISEQ500
26,258,65,0,BGISEQ500
27,171,39,0,BGISEQ500
28,268,65,0,BGISEQ500
29,116,37,0,BGISEQ500
30,197,42,0,BGISEQ500
31,107,22,0,BGISEQ500
32,148,35,0,BGISEQ500
33,59,21,0,BGISEQ500
34,109,13,0,BGISEQ500
35,61,14,0,BGISEQ500
36,102,14,0,BGISEQ500
37,53,12,0,BGISEQ500
38,62,6,0,BGISEQ500
39,54,7,0,BGISEQ500
40,56,10,0,BGISEQ500
41,37,7,0,BGISEQ500
42,47,9,0,BGISEQ500
43,26,5,0,BGISEQ500
44,49,2,0,BGISEQ500
45,28,3,0,BGISEQ500
46,35,3,0,BGISEQ500
47,14,1,0,BGISEQ500
48,26,3,0,BGISEQ500
49,23,3,0,BGISEQ500
50,0,0,0,BGISEQ500
51,0,0,0,BGISEQ500
52,0,0,0,BGISEQ500
53,0,0,0,BGISEQ500
54,0,0,0,BGISEQ500
55,0,0,0,BGISEQ500
56,0,0,0,BGISEQ500
57,2,0,0,BGISEQ500
58,0,0,0,BGISEQ500
59,0,0,0,BGISEQ500
60,2,0,0,BGISEQ500
61,0,0,0,BGISEQ500
62,2,0,0,BGISEQ500
1,182763,179077,0,HiSeq2500
2,58326,56555,0,HiSeq2500
3,21746,20626,0,HiSeq2500
4,36686,34674,0,HiSeq2500
5,9115,8324,1,HiSeq2500
6,9630,7754,0,HiSeq2500
7,2334,1911,0,HiSeq2500
8,7089,6124,0,HiSeq2500
9,1962,1787,0,HiSeq2500
10,2693,2302,0,HiSeq2500
11,1062,892,0,HiSeq2500
12,3024,2514,0,HiSeq2500
13,833,686,0,HiSeq2500
14,1263,882,0,HiSeq2500
15,902,705,0,HiSeq2500
16,1249,1069,0,HiSeq2500
17,442,451,0,HiSeq2500
18,704,504,0,HiSeq2500
19,378,364,0,HiSeq2500
20,660,515,0,HiSeq2500
21,262,328,0,HiSeq2500
22,386,241,0,HiSeq2500
23,212,188,0,HiSeq2500
24,374,326,0,HiSeq2500
25,193,149,0,HiSeq2500
26,221,166,0,HiSeq2500
27,137,138,0,HiSeq2500
28,176,131,0,HiSeq2500
29,88,86,0,HiSeq2500
30,151,105,0,HiSeq2500
31,93,73,0,HiSeq2500
32,105,75,0,HiSeq2500
33,50,55,0,HiSeq2500
34,71,50,0,HiSeq2500
35,44,34,0,HiSeq2500
36,64,44,0,HiSeq2500
37,48,39,0,HiSeq2500
38,39,28,0,HiSeq2500
39,47,17,0,HiSeq2500
40,43,29,0,HiSeq2500
41,33,22,0,HiSeq2500
42,37,22,0,HiSeq2500
43,27,6,0,HiSeq2500
44,35,9,0,HiSeq2500
45,18,9,0,HiSeq2500
46,25,8,0,HiSeq2500
47,9,6,0,HiSeq2500
48,20,9,0,HiSeq2500
49,0,0,0,HiSeq2500
50,0,0,0,HiSeq2500
51,0,0,0,HiSeq2500
52,0,0,0,HiSeq2500
53,0,0,0,HiSeq2500
54,0,0,0,HiSeq2500
55,0,0,0,HiSeq2500
56,0,0,0,HiSeq2500
57,0,0,0,HiSeq2500
58,0,0,0,HiSeq2500
59,0,0,0,HiSeq2500
60,0,0,0,HiSeq2500
61,0,0,0,HiSeq2500
62,0,0,0,HiSeq2500
63,0,0,0,HiSeq2500
64,0,0,0,HiSeq2500
65,0,0,0,HiSeq2500
66,0,0,0,HiSeq2500
67,0,1,0,HiSeq2500
1,183906,180293,0,HiSeq2500
2,58657,56909,0,HiSeq2500
3,21711,20795,0,HiSeq2500
4,36565,34867,0,HiSeq2500
5,9127,8362,0,HiSeq2500
6,9524,7775,1,HiSeq2500
7,2353,1894,0,HiSeq2500
8,7054,5993,0,HiSeq2500
9,1992,1731,0,HiSeq2500
10,2791,2301,0,HiSeq2500
11,1098,915,0,HiSeq2500
12,3105,2605,0,HiSeq2500
13,789,683,0,HiSeq2500
14,1223,834,0,HiSeq2500
15,810,699,0,HiSeq2500
16,1315,1020,0,HiSeq2500
17,412,430,0,HiSeq2500
18,717,463,0,HiSeq2500
19,398,349,0,HiSeq2500
20,681,467,0,HiSeq2500
21,279,292,0,HiSeq2500
22,349,239,0,HiSeq2500
23,207,214,0,HiSeq2500
24,394,294,0,HiSeq2500
25,187,149,0,HiSeq2500
26,202,149,0,HiSeq2500
27,147,128,0,HiSeq2500
28,172,156,0,HiSeq2500
29,94,79,0,HiSeq2500
30,157,87,0,HiSeq2500
31,98,72,0,HiSeq2500
32,110,66,0,HiSeq2500
33,49,46,0,HiSeq2500
34,66,37,0,HiSeq2500
35,57,41,0,HiSeq2500
36,75,47,0,HiSeq2500
37,31,39,0,HiSeq2500
38,45,28,0,HiSeq2500
39,34,22,0,HiSeq2500
40,37,21,0,HiSeq2500
41,32,21,0,HiSeq2500
42,35,16,0,HiSeq2500
43,25,9,0,HiSeq2500
44,34,8,0,HiSeq2500
45,17,7,0,HiSeq2500
46,21,7,0,HiSeq2500
47,16,7,0,HiSeq2500
48,19,5,0,HiSeq2500
1,186026,182910,0,HiSeq2500
2,61183,58476,0,HiSeq2500
3,22307,21163,0,HiSeq2500
4,38758,36838,0,HiSeq2500
5,9462,8643,0,HiSeq2500
6,10059,8373,0,HiSeq2500
7,2489,1956,0,HiSeq2500
8,7882,6606,0,HiSeq2500
9,2122,1919,0,HiSeq2500
10,3111,2554,0,HiSeq2500
11,1120,936,0,HiSeq2500
12,3449,2788,0,HiSeq2500
13,874,728,0,HiSeq2500
14,1444,935,0,HiSeq2500
15,963,806,0,HiSeq2500
16,1528,1130,0,HiSeq2500
17,487,457,0,HiSeq2500
18,855,537,0,HiSeq2500
19,393,376,0,HiSeq2500
20,866,557,0,HiSeq2500
21,313,329,0,HiSeq2500
22,459,248,0,HiSeq2500
23,255,216,0,HiSeq2500
24,498,363,0,HiSeq2500
25,224,158,0,HiSeq2500
26,256,178,0,HiSeq2500
27,171,147,0,HiSeq2500
28,271,147,0,HiSeq2500
29,125,78,0,HiSeq2500
30,214,103,0,HiSeq2500
31,110,80,0,HiSeq2500
32,143,74,0,HiSeq2500
33,62,48,0,HiSeq2500
34,111,51,0,HiSeq2500
35,63,42,0,HiSeq2500
36,102,42,0,HiSeq2500
37,50,47,0,HiSeq2500
38,62,27,0,HiSeq2500
39,56,28,0,HiSeq2500
40,54,22,0,HiSeq2500
41,42,28,0,HiSeq2500
42,45,24,0,HiSeq2500
43,24,13,0,HiSeq2500
44,45,8,0,HiSeq2500
45,29,5,0,HiSeq2500
46,39,5,0,HiSeq2500
47,11,9,0,HiSeq2500
48,25,6,0,HiSeq2500
49,24,4,0,HiSeq2500
50,0,0,0,HiSeq2500
51,0,0,0,HiSeq2500
52,0,0,0,HiSeq2500
53,0,0,0,HiSeq2500
54,0,0,0,HiSeq2500
55,0,0,0,HiSeq2500
56,0,0,0,HiSeq2500
57,2,0,0,HiSeq2500
58,0,0,0,HiSeq2500
59,0,0,0,HiSeq2500
60,2,0,0,HiSeq2500
61,0,0,0,HiSeq2500
62,2,0,0,HiSeq2500
1,186523,183403,0,HiSeq2500
2,61265,58569,0,HiSeq2500
3,22407,21237,0,HiSeq2500
4,38797,36687,0,HiSeq2500
5,9475,8637,0,HiSeq2500
6,9998,8319,0,HiSeq2500
7,2478,1962,0,HiSeq2500
8,7776,6580,0,HiSeq2500
9,2109,1902,0,HiSeq2500
10,3101,2557,0,HiSeq2500
11,1120,929,0,HiSeq2500
12,3456,2755,0,HiSeq2500
13,874,726,0,HiSeq2500
14,1434,923,0,HiSeq2500
15,968,803,0,HiSeq2500
16,1541,1136,0,HiSeq2500
17,487,448,0,HiSeq2500
18,834,538,0,HiSeq2500
19,387,373,0,HiSeq2500
20,869,556,0,HiSeq2500
21,309,325,0,HiSeq2500
22,450,244,0,HiSeq2500
23,252,210,0,HiSeq2500
24,497,357,0,HiSeq2500
25,227,159,0,HiSeq2500
26,250,166,0,HiSeq2500
27,170,148,0,HiSeq2500
28,272,151,0,HiSeq2500
29,126,84,0,HiSeq2500
30,211,103,0,HiSeq2500
31,108,72,0,HiSeq2500
32,147,81,0,HiSeq2500
33,63,49,0,HiSeq2500
34,114,50,0,HiSeq2500
35,63,44,0,HiSeq2500
36,105,53,0,HiSeq2500
37,56,45,0,HiSeq2500
38,64,34,0,HiSeq2500
39,56,33,0,HiSeq2500
40,54,22,0,HiSeq2500
41,43,20,0,HiSeq2500
42,44,17,0,HiSeq2500
43,25,11,0,HiSeq2500
44,48,15,0,HiSeq2500
45,30,5,0,HiSeq2500
46,38,7,0,HiSeq2500
47,14,1,0,HiSeq2500
48,23,3,0,HiSeq2500
49,25,2,0,HiSeq2500
50,0,0,0,HiSeq2500
51,2,0,0,HiSeq2500
52,0,0,0,HiSeq2500
53,0,0,0,HiSeq2500
54,0,0,0,HiSeq2500
55,0,0,0,HiSeq2500
56,0,0,0,HiSeq2500
57,2,0,0,HiSeq2500
58,0,0,0,HiSeq2500
59,0,0,0,HiSeq2500
60,2,0,0,HiSeq2500
61,0,0,0,HiSeq2500
62,2,0,0,HiSeq2500
1,186486,183519,0,HiSeq2500
2,61345,58686,0,HiSeq2500
3,22406,21225,0,HiSeq2500
4,38824,36680,0,HiSeq2500
5,9483,8604,0,HiSeq2500
6,10031,8343,0,HiSeq2500
7,2512,1957,0,HiSeq2500
8,7812,6592,0,HiSeq2500
9,2122,1925,0,HiSeq2500
10,3097,2562,0,HiSeq2500
11,1115,932,0,HiSeq2500
12,3441,2787,0,HiSeq2500
13,873,728,0,HiSeq2500
14,1440,952,0,HiSeq2500
15,960,791,0,HiSeq2500
16,1525,1128,0,HiSeq2500
17,487,450,0,HiSeq2500
18,831,543,0,HiSeq2500
19,387,368,0,HiSeq2500
20,866,548,0,HiSeq2500
21,315,328,0,HiSeq2500
22,452,243,0,HiSeq2500
23,254,213,0,HiSeq2500
24,502,359,0,HiSeq2500
25,231,153,0,HiSeq2500
26,247,170,0,HiSeq2500
27,174,142,0,HiSeq2500
28,268,148,0,HiSeq2500
29,128,79,0,HiSeq2500
30,212,94,0,HiSeq2500
31,109,74,0,HiSeq2500
32,143,74,0,HiSeq2500
33,66,49,0,HiSeq2500
34,114,45,0,HiSeq2500
35,57,40,0,HiSeq2500
36,102,49,0,HiSeq2500
37,53,40,0,HiSeq2500
38,62,25,0,HiSeq2500
39,55,23,0,HiSeq2500
40,50,18,0,HiSeq2500
41,41,25,0,HiSeq2500
42,44,27,0,HiSeq2500
43,27,13,0,HiSeq2500
44,46,13,0,HiSeq2500
45,30,8,0,HiSeq2500
46,36,5,0,HiSeq2500
47,12,7,0,HiSeq2500
48,24,1,0,HiSeq2500
49,25,4,0,HiSeq2500
50,0,0,0,HiSeq2500
51,0,0,0,HiSeq2500
52,0,0,0,HiSeq2500
53,0,0,0,HiSeq2500
54,0,0,0,HiSeq2500
55,0,0,0,HiSeq2500
56,0,0,0,HiSeq2500
57,2,0,0,HiSeq2500
58,0,0,0,HiSeq2500
59,0,0,0,HiSeq2500
60,2,0,0,HiSeq2500
61,0,0,0,HiSeq2500
62,2,0,0,HiSeq2500
1,182682,178757,0,HiSeq2500
2,58712,56812,0,HiSeq2500
3,21808,20640,0,HiSeq2500
4,36873,34958,0,HiSeq2500
5,9155,8351,1,HiSeq2500
6,9692,7867,0,HiSeq2500
7,2315,1932,0,HiSeq2500
8,7189,6360,0,HiSeq2500
9,1968,1803,0,HiSeq2500
10,2735,2383,0,HiSeq2500
11,1064,904,0,HiSeq2500
12,3040,2584,0,HiSeq2500
13,842,679,0,HiSeq2500
14,1279,887,0,HiSeq2500
15,916,726,0,HiSeq2500
16,1287,1136,0,HiSeq2500
17,451,449,0,HiSeq2500
18,712,524,0,HiSeq2500
19,374,368,0,HiSeq2500
20,680,538,0,HiSeq2500
21,263,332,0,HiSeq2500
22,387,253,0,HiSeq2500
23,212,195,0,HiSeq2500
24,377,317,0,HiSeq2500
25,196,158,0,HiSeq2500
26,219,166,0,HiSeq2500
27,140,143,0,HiSeq2500
28,174,130,0,HiSeq2500
29,88,84,0,HiSeq2500
30,144,98,0,HiSeq2500
31,91,77,0,HiSeq2500
32,106,75,0,HiSeq2500
33,47,58,0,HiSeq2500
34,70,54,0,HiSeq2500
35,44,36,0,HiSeq2500
36,63,44,0,HiSeq2500
37,49,46,0,HiSeq2500
38,38,29,0,HiSeq2500
39,48,21,0,HiSeq2500
40,44,30,0,HiSeq2500
41,35,22,0,HiSeq2500
42,38,28,0,HiSeq2500
43,26,14,0,HiSeq2500
44,34,11,0,HiSeq2500
45,17,10,0,HiSeq2500
46,26,6,0,HiSeq2500
47,9,6,0,HiSeq2500
48,21,8,0,HiSeq2500
1,183511,179609,0,HiSeq2500
2,58961,57020,0,HiSeq2500
3,21729,20822,0,HiSeq2500
4,36701,35188,0,HiSeq2500
5,9187,8436,0,HiSeq2500
6,9646,7933,1,HiSeq2500
7,2363,1920,0,HiSeq2500
8,7206,6169,0,HiSeq2500
9,1994,1758,0,HiSeq2500
10,2823,2335,0,HiSeq2500
11,1110,922,0,HiSeq2500
12,3170,2693,0,HiSeq2500
13,789,686,0,HiSeq2500
14,1227,859,0,HiSeq2500
15,820,721,0,HiSeq2500
16,1316,1074,0,HiSeq2500
17,416,438,0,HiSeq2500
18,719,493,0,HiSeq2500
19,397,359,0,HiSeq2500
20,700,472,0,HiSeq2500
21,278,299,0,HiSeq2500
22,355,250,0,HiSeq2500
23,208,212,0,HiSeq2500
24,408,312,0,HiSeq2500
25,189,153,0,HiSeq2500
26,201,151,0,HiSeq2500
27,150,138,0,HiSeq2500
28,170,163,0,HiSeq2500
29,95,76,0,HiSeq2500
30,156,90,0,HiSeq2500
31,101,70,0,HiSeq2500
32,113,76,0,HiSeq2500
33,51,47,0,HiSeq2500
34,68,38,0,HiSeq2500
35,57,42,0,HiSeq2500
36,78,48,0,HiSeq2500
37,30,38,0,HiSeq2500
38,44,24,0,HiSeq2500
39,36,20,0,HiSeq2500
40,41,19,0,HiSeq2500
41,34,20,0,HiSeq2500
42,38,13,0,HiSeq2500
43,27,9,0,HiSeq2500
44,36,8,0,HiSeq2500
45,18,12,0,HiSeq2500
46,22,8,0,HiSeq2500
47,15,6,0,HiSeq2500
48,19,13,0,HiSeq2500
49,2,0,0,HiSeq2500
1,185677,182567,0,HiSeq2500
2,61467,58855,0,HiSeq2500
3,22451,21166,0,HiSeq2500
4,38980,37158,0,HiSeq2500
5,9487,8693,0,HiSeq2500
6,10104,8491,0,HiSeq2500
7,2511,1961,0,HiSeq2500
8,7938,6798,0,HiSeq2500
9,2110,1922,0,HiSeq2500
10,3143,2664,0,HiSeq2500
11,1120,934,0,HiSeq2500
12,3493,2882,0,HiSeq2500
13,876,725,0,HiSeq2500
14,1453,978,0,HiSeq2500
15,975,832,0,HiSeq2500
16,1571,1189,0,HiSeq2500
17,493,459,0,HiSeq2500
18,847,554,0,HiSeq2500
19,394,378,0,HiSeq2500
20,890,576,0,HiSeq2500
21,311,337,0,HiSeq2500
22,468,253,0,HiSeq2500
23,254,214,0,HiSeq2500
24,492,386,0,HiSeq2500
25,234,156,0,HiSeq2500
26,252,175,0,HiSeq2500
27,173,149,0,HiSeq2500
28,274,157,0,HiSeq2500
29,126,88,0,HiSeq2500
30,214,115,0,HiSeq2500
31,109,68,0,HiSeq2500
32,148,76,0,HiSeq2500
33,66,56,0,HiSeq2500
34,113,50,0,HiSeq2500
35,58,47,0,HiSeq2500
36,107,57,0,HiSeq2500
37,52,38,0,HiSeq2500
38,66,26,0,HiSeq2500
39,57,33,0,HiSeq2500
40,57,24,0,HiSeq2500
41,42,17,0,HiSeq2500
42,44,20,0,HiSeq2500
43,25,9,0,HiSeq2500
44,46,14,0,HiSeq2500
45,31,7,0,HiSeq2500
46,38,7,0,HiSeq2500
47,13,2,0,HiSeq2500
48,24,7,0,HiSeq2500
49,25,5,0,HiSeq2500
50,0,0,0,HiSeq2500
51,2,0,0,HiSeq2500
52,0,0,0,HiSeq2500
53,0,0,0,HiSeq2500
54,0,0,0,HiSeq2500
55,0,0,0,HiSeq2500
56,0,0,0,HiSeq2500
57,2,0,0,HiSeq2500
1,186111,182901,0,HiSeq2500
2,61587,58867,0,HiSeq2500
3,22437,21227,0,HiSeq2500
4,39013,37061,0,HiSeq2500
5,9503,8658,0,HiSeq2500
6,10112,8431,0,HiSeq2500
7,2493,1965,0,HiSeq2500
8,7932,6780,0,HiSeq2500
9,2111,1906,0,HiSeq2500
10,3133,2638,0,HiSeq2500
11,1124,934,0,HiSeq2500
12,3500,2879,0,HiSeq2500
13,878,724,0,HiSeq2500
14,1453,965,0,HiSeq2500
15,968,820,0,HiSeq2500
16,1558,1188,0,HiSeq2500
17,493,446,0,HiSeq2500
18,844,545,0,HiSeq2500
19,383,378,0,HiSeq2500
20,878,569,0,HiSeq2500
21,318,332,0,HiSeq2500
22,457,244,0,HiSeq2500
23,253,217,0,HiSeq2500
24,494,380,0,HiSeq2500
25,231,167,0,HiSeq2500
26,251,171,0,HiSeq2500
27,175,146,0,HiSeq2500
28,279,158,0,HiSeq2500
29,124,81,0,HiSeq2500
30,211,103,0,HiSeq2500
31,105,73,0,HiSeq2500
32,141,86,0,HiSeq2500
33,66,48,0,HiSeq2500
34,110,52,0,HiSeq2500
35,62,42,0,HiSeq2500
36,108,56,0,HiSeq2500
37,54,52,0,HiSeq2500
38,64,38,0,HiSeq2500
39,57,28,0,HiSeq2500
40,55,23,0,HiSeq2500
41,45,24,0,HiSeq2500
42,44,27,0,HiSeq2500
43,25,11,0,HiSeq2500
44,48,12,0,HiSeq2500
45,29,8,0,HiSeq2500
46,37,10,0,HiSeq2500
47,11,3,0,HiSeq2500
48,23,9,0,HiSeq2500
49,22,6,0,HiSeq2500
50,0,0,0,HiSeq2500
51,2,0,0,HiSeq2500
52,0,0,0,HiSeq2500
53,0,0,0,HiSeq2500
54,0,0,0,HiSeq2500
55,0,0,0,HiSeq2500
56,0,0,0,HiSeq2500
57,2,0,0,HiSeq2500
58,0,0,0,HiSeq2500
59,0,0,0,HiSeq2500
60,2,0,0,HiSeq2500
61,0,0,0,HiSeq2500
62,2,0,0,HiSeq2500
1,177333,173917,0,HiSeq2500
2,57476,54102,0,HiSeq2500
3,21440,20172,0,HiSeq2500
4,37109,34888,0,HiSeq2500
5,9187,8420,0,HiSeq2500
6,9238,7599,0,HiSeq2500
7,2379,1887,0,HiSeq2500
8,7135,5988,0,HiSeq2500
9,2002,1821,0,HiSeq2500
10,2886,2275,0,HiSeq2500
11,1092,907,0,HiSeq2500
12,3201,2495,0,HiSeq2500
13,848,700,0,HiSeq2500
14,1345,859,0,HiSeq2500
15,919,744,0,HiSeq2500
16,1429,1017,0,HiSeq2500
17,468,447,0,HiSeq2500
18,777,482,0,HiSeq2500
19,383,355,0,HiSeq2500
20,789,483,0,HiSeq2500
21,301,311,0,HiSeq2500
22,422,230,0,HiSeq2500
23,245,201,0,HiSeq2500
24,477,321,0,HiSeq2500
25,216,147,0,HiSeq2500
26,231,151,0,HiSeq2500
27,167,134,0,HiSeq2500
28,246,132,0,HiSeq2500
29,113,79,0,HiSeq2500
30,200,90,0,HiSeq2500
31,105,64,0,HiSeq2500
32,136,71,0,HiSeq2500
33,61,44,0,HiSeq2500
34,98,45,0,HiSeq2500
35,53,38,0,HiSeq2500
36,89,45,0,HiSeq2500
37,41,43,0,HiSeq2500
38,53,27,0,HiSeq2500
39,54,28,0,HiSeq2500
40,44,20,0,HiSeq2500
41,41,20,0,HiSeq2500
42,39,25,0,HiSeq2500
43,24,11,0,HiSeq2500
44,40,7,0,HiSeq2500
45,24,10,0,HiSeq2500
46,37,6,0,HiSeq2500
47,12,10,0,HiSeq2500
48,22,6,0,HiSeq2500
49,24,5,0,HiSeq2500
50,0,0,0,HiSeq2500
51,2,0,0,HiSeq2500
52,0,0,0,HiSeq2500
53,0,0,0,HiSeq2500
54,0,0,0,HiSeq2500
55,0,0,0,HiSeq2500
56,0,0,0,HiSeq2500
57,2,0,0,HiSeq2500
58,0,0,0,HiSeq2500
59,0,0,0,HiSeq2500
60,2,0,0,HiSeq2500
61,0,0,0,HiSeq2500
62,2,0,0,HiSeq2500
1,185514,181581,0,HiSeq2500
2,59198,57183,0,HiSeq2500
3,22210,20979,0,HiSeq2500
4,36348,34403,0,HiSeq2500
5,9231,8369,1,HiSeq2500
6,9464,7555,0,HiSeq2500
7,2384,1927,0,HiSeq2500
8,6946,5993,0,HiSeq2500
9,1987,1788,0,HiSeq2500
10,2639,2228,0,HiSeq2500
11,1070,881,0,HiSeq2500
12,2928,2417,0,HiSeq2500
13,836,649,0,HiSeq2500
14,1250,787,0,HiSeq2500
15,906,661,0,HiSeq2500
16,1230,979,0,HiSeq2500
17,442,377,0,HiSeq2500
18,692,414,0,HiSeq2500
19,375,252,0,HiSeq2500
20,653,370,0,HiSeq2500
21,263,170,0,HiSeq2500
22,378,150,0,HiSeq2500
23,208,95,0,HiSeq2500
24,366,186,0,HiSeq2500
25,189,71,0,HiSeq2500
26,221,48,0,HiSeq2500
27,137,44,0,HiSeq2500
28,169,61,0,HiSeq2500
29,84,25,0,HiSeq2500
30,153,30,0,HiSeq2500
31,93,17,0,HiSeq2500
32,101,35,0,HiSeq2500
33,48,22,0,HiSeq2500
34,67,19,0,HiSeq2500
35,43,14,0,HiSeq2500
36,62,10,0,HiSeq2500
37,45,10,0,HiSeq2500
38,38,9,0,HiSeq2500
39,48,8,0,HiSeq2500
40,40,10,0,HiSeq2500
41,35,5,0,HiSeq2500
42,35,11,0,HiSeq2500
43,28,5,0,HiSeq2500
44,32,1,0,HiSeq2500
45,16,4,0,HiSeq2500
46,22,4,0,HiSeq2500
47,8,2,0,HiSeq2500
48,20,7,0,HiSeq2500
1,187047,182865,0,HiSeq2500
2,59623,57827,0,HiSeq2500
3,22285,21268,0,HiSeq2500
4,36287,34614,0,HiSeq2500
5,9242,8414,0,HiSeq2500
6,9336,7539,1,HiSeq2500
7,2419,1908,0,HiSeq2500
8,6884,5828,0,HiSeq2500
9,2023,1734,0,HiSeq2500
10,2754,2193,0,HiSeq2500
11,1128,884,0,HiSeq2500
12,3052,2537,0,HiSeq2500
13,808,659,0,HiSeq2500
14,1205,760,0,HiSeq2500
15,804,640,0,HiSeq2500
16,1271,932,0,HiSeq2500
17,418,363,0,HiSeq2500
18,706,390,0,HiSeq2500
19,394,237,0,HiSeq2500
20,677,337,0,HiSeq2500
21,279,158,0,HiSeq2500
22,345,122,0,HiSeq2500
23,206,100,0,HiSeq2500
24,392,148,0,HiSeq2500
25,176,59,0,HiSeq2500
26,201,53,0,HiSeq2500
27,150,44,0,HiSeq2500
28,162,73,0,HiSeq2500
29,91,26,0,HiSeq2500
30,151,28,0,HiSeq2500
31,94,17,0,HiSeq2500
32,109,24,0,HiSeq2500
33,44,20,0,HiSeq2500
34,65,17,0,HiSeq2500
35,54,16,0,HiSeq2500
36,76,10,0,HiSeq2500
37,29,10,0,HiSeq2500
38,44,7,0,HiSeq2500
39,36,6,0,HiSeq2500
40,40,8,0,HiSeq2500
41,32,6,0,HiSeq2500
42,39,4,0,HiSeq2500
43,25,5,0,HiSeq2500
44,32,3,0,HiSeq2500
45,17,5,0,HiSeq2500
46,20,3,0,HiSeq2500
47,16,2,0,HiSeq2500
48,19,7,0,HiSeq2500
49,2,0,0,HiSeq2500
1,185912,182565,0,HiSeq2500
2,60234,57305,0,HiSeq2500
3,22380,21125,0,HiSeq2500
4,37696,35392,0,HiSeq2500
5,9428,8552,0,HiSeq2500
6,9456,7718,0,HiSeq2500
7,2467,1927,0,HiSeq2500
8,7338,6104,0,HiSeq2500
9,2090,1858,0,HiSeq2500
10,2949,2297,0,HiSeq2500
11,1108,893,0,HiSeq2500
12,3292,2503,0,HiSeq2500
13,872,696,0,HiSeq2500
14,1382,800,0,HiSeq2500
15,920,712,0,HiSeq2500
16,1464,983,0,HiSeq2500
17,481,347,0,HiSeq2500
18,794,416,0,HiSeq2500
19,384,270,0,HiSeq2500
20,818,411,0,HiSeq2500
21,303,192,0,HiSeq2500
22,438,153,0,HiSeq2500
23,248,109,0,HiSeq2500
24,475,185,0,HiSeq2500
25,224,77,0,HiSeq2500
26,245,60,0,HiSeq2500
27,170,46,0,HiSeq2500
28,257,63,0,HiSeq2500
29,121,35,0,HiSeq2500
30,195,42,0,HiSeq2500
31,105,20,0,HiSeq2500
32,139,25,0,HiSeq2500
33,56,21,0,HiSeq2500
34,107,13,0,HiSeq2500
35,60,11,0,HiSeq2500
36,95,16,0,HiSeq2500
37,50,11,0,HiSeq2500
38,60,7,0,HiSeq2500
39,55,8,0,HiSeq2500
40,42,5,0,HiSeq2500
41,39,8,0,HiSeq2500
42,44,11,0,HiSeq2500
43,25,6,0,HiSeq2500
44,42,4,0,HiSeq2500
45,28,3,0,HiSeq2500
46,37,2,0,HiSeq2500
47,15,2,0,HiSeq2500
48,24,2,0,HiSeq2500
49,23,1,0,HiSeq2500
50,0,0,0,HiSeq2500
51,2,0,0,HiSeq2500
52,0,0,0,HiSeq2500
53,0,0,0,HiSeq2500
54,0,0,0,HiSeq2500
55,0,0,0,HiSeq2500
56,0,0,0,HiSeq2500
57,2,0,0,HiSeq2500
1,189248,185773,0,HiSeq2500
2,62062,59421,0,HiSeq2500
3,22865,21553,0,HiSeq2500
4,38310,36344,0,HiSeq2500
5,9579,8690,0,HiSeq2500
6,9781,8101,0,HiSeq2500
7,2556,1971,0,HiSeq2500
8,7573,6357,0,HiSeq2500
9,2130,1880,0,HiSeq2500
10,3040,2452,0,HiSeq2500
11,1123,902,0,HiSeq2500
12,3369,2693,0,HiSeq2500
13,875,701,0,HiSeq2500
14,1418,843,0,HiSeq2500
15,962,740,0,HiSeq2500
16,1519,1008,0,HiSeq2500
17,481,352,0,HiSeq2500
18,820,445,0,HiSeq2500
19,376,268,0,HiSeq2500
20,845,416,0,HiSeq2500
21,305,189,0,HiSeq2500
22,450,154,0,HiSeq2500
23,252,88,0,HiSeq2500
24,489,186,0,HiSeq2500
25,225,81,0,HiSeq2500
26,248,56,0,HiSeq2500
27,166,51,0,HiSeq2500
28,268,60,0,HiSeq2500
29,122,36,0,HiSeq2500
30,205,32,0,HiSeq2500
31,106,17,0,HiSeq2500
32,140,34,0,HiSeq2500
33,57,21,0,HiSeq2500
34,100,11,0,HiSeq2500
35,59,12,0,HiSeq2500
36,103,16,0,HiSeq2500
37,51,11,0,HiSeq2500
38,61,6,0,HiSeq2500
39,54,6,0,HiSeq2500
40,46,7,0,HiSeq2500
41,42,7,0,HiSeq2500
42,46,16,0,HiSeq2500
43,26,5,0,HiSeq2500
44,45,4,0,HiSeq2500
45,27,4,0,HiSeq2500
46,36,2,0,HiSeq2500
47,11,1,0,HiSeq2500
48,23,3,0,HiSeq2500
49,24,2,0,HiSeq2500
50,0,0,0,HiSeq2500
51,2,0,0,HiSeq2500
52,0,0,0,HiSeq2500
53,0,0,0,HiSeq2500
54,0,0,0,HiSeq2500
55,0,0,0,HiSeq2500
56,0,0,0,HiSeq2500
57,2,0,0,HiSeq2500
58,0,0,0,HiSeq2500
59,0,0,0,HiSeq2500
60,2,0,0,HiSeq2500
61,0,0,0,HiSeq2500
62,2,0,0,HiSeq2500
1,175450,172968,0,HiSeq2500
2,55949,52560,0,HiSeq2500
3,21134,19782,0,HiSeq2500
4,35207,32533,0,HiSeq2500
5,8930,7933,0,HiSeq2500
6,8593,6775,0,HiSeq2500
7,2350,1736,0,HiSeq2500
8,6622,5233,0,HiSeq2500
9,1950,1588,0,HiSeq2500
10,2719,1960,0,HiSeq2500
11,1038,730,0,HiSeq2500
12,3023,2067,0,HiSeq2500
13,838,503,0,HiSeq2500
14,1276,595,0,HiSeq2500
15,870,507,0,HiSeq2500
16,1360,708,0,HiSeq2500
17,441,220,0,HiSeq2500
18,754,268,0,HiSeq2500
19,351,148,0,HiSeq2500
20,761,247,0,HiSeq2500
21,283,103,0,HiSeq2500
22,375,79,0,HiSeq2500
23,225,54,0,HiSeq2500
24,424,105,0,HiSeq2500
25,206,43,0,HiSeq2500
26,219,24,0,HiSeq2500
27,148,15,0,HiSeq2500
28,222,23,0,HiSeq2500
29,105,13,0,HiSeq2500
30,170,9,0,HiSeq2500
31,91,10,0,HiSeq2500
32,131,17,0,HiSeq2500
33,42,6,0,HiSeq2500
34,90,7,0,HiSeq2500
35,52,5,0,HiSeq2500
36,87,7,0,HiSeq2500
37,43,0,0,HiSeq2500
38,52,2,0,HiSeq2500
39,47,3,0,HiSeq2500
40,38,4,0,HiSeq2500
41,37,3,0,HiSeq2500
42,34,3,0,HiSeq2500
43,18,1,0,HiSeq2500
44,40,0,0,HiSeq2500
45,24,0,0,HiSeq2500
46,32,0,0,HiSeq2500
47,13,1,0,HiSeq2500
48,22,0,0,HiSeq2500
49,21,0,0,HiSeq2500
50,0,0,0,HiSeq2500
51,0,0,0,HiSeq2500
52,0,0,0,HiSeq2500
53,0,0,0,HiSeq2500
54,0,0,0,HiSeq2500
55,0,0,0,HiSeq2500
56,0,0,0,HiSeq2500
57,2,0,0,HiSeq2500
58,0,0,0,HiSeq2500
59,0,0,0,HiSeq2500
60,2,0,0,HiSeq2500
1,184187,181035,0,HiSeq4000
2,60459,59205,0,HiSeq4000
3,22299,21286,0,HiSeq4000
4,37752,36357,0,HiSeq4000
5,9303,8539,1,HiSeq4000
6,10199,8719,0,HiSeq4000
7,2399,1984,0,HiSeq4000
8,7516,6945,0,HiSeq4000
9,2021,1839,0,HiSeq4000
10,2844,2676,0,HiSeq4000
11,1082,915,0,HiSeq4000
12,3147,2889,0,HiSeq4000
13,846,688,0,HiSeq4000
14,1315,1069,0,HiSeq4000
15,943,753,0,HiSeq4000
16,1323,1284,0,HiSeq4000
17,459,461,0,HiSeq4000
18,745,610,0,HiSeq4000
19,379,381,0,HiSeq4000
20,704,613,0,HiSeq4000
21,267,354,0,HiSeq4000
22,398,288,0,HiSeq4000
23,216,199,0,HiSeq4000
24,397,384,0,HiSeq4000
25,200,177,0,HiSeq4000
26,233,181,0,HiSeq4000
27,141,158,0,HiSeq4000
28,185,158,0,HiSeq4000
29,93,98,0,HiSeq4000
30,163,127,0,HiSeq4000
31,94,82,0,HiSeq4000
32,110,102,0,HiSeq4000
33,51,66,0,HiSeq4000
34,76,63,0,HiSeq4000
35,46,42,0,HiSeq4000
36,70,58,0,HiSeq4000
37,49,55,0,HiSeq4000
38,42,43,0,HiSeq4000
39,47,39,0,HiSeq4000
40,48,44,0,HiSeq4000
41,36,33,0,HiSeq4000
42,40,47,0,HiSeq4000
43,29,23,0,HiSeq4000
44,35,29,0,HiSeq4000
45,21,17,0,HiSeq4000
46,25,19,0,HiSeq4000
47,9,22,0,HiSeq4000
48,21,22,0,HiSeq4000
49,0,0,0,HiSeq4000
50,0,0,0,HiSeq4000
51,0,0,0,HiSeq4000
52,0,0,0,HiSeq4000
53,0,0,0,HiSeq4000
54,0,0,0,HiSeq4000
55,0,0,0,HiSeq4000
56,0,0,0,HiSeq4000
57,0,0,0,HiSeq4000
58,0,0,0,HiSeq4000
59,0,0,0,HiSeq4000
60,0,0,0,HiSeq4000
61,0,0,0,HiSeq4000
62,0,0,0,HiSeq4000
63,0,0,0,HiSeq4000
64,0,0,0,HiSeq4000
65,0,0,0,HiSeq4000
66,0,0,0,HiSeq4000
67,0,1,0,HiSeq4000
1,185017,181940,0,HiSeq4000
2,60757,59742,0,HiSeq4000
3,22263,21560,0,HiSeq4000
4,37602,36566,0,HiSeq4000
5,9344,8578,0,HiSeq4000
6,10164,8725,1,HiSeq4000
7,2440,1971,0,HiSeq4000
8,7553,6818,0,HiSeq4000
9,2047,1786,0,HiSeq4000
10,2955,2665,0,HiSeq4000
11,1132,931,0,HiSeq4000
12,3241,2998,0,HiSeq4000
13,810,699,0,HiSeq4000
14,1270,1018,0,HiSeq4000
15,829,750,0,HiSeq4000
16,1371,1200,0,HiSeq4000
17,436,462,0,HiSeq4000
18,753,589,0,HiSeq4000
19,400,367,0,HiSeq4000
20,732,558,0,HiSeq4000
21,280,312,0,HiSeq4000
22,360,288,0,HiSeq4000
23,209,225,0,HiSeq4000
24,425,371,0,HiSeq4000
25,188,168,0,HiSeq4000
26,208,175,0,HiSeq4000
27,153,145,0,HiSeq4000
28,179,189,0,HiSeq4000
29,98,86,0,HiSeq4000
30,162,111,0,HiSeq4000
31,105,79,0,HiSeq4000
32,114,97,0,HiSeq4000
33,56,47,0,HiSeq4000
34,75,48,0,HiSeq4000
35,58,52,0,HiSeq4000
36,82,59,0,HiSeq4000
37,31,44,0,HiSeq4000
38,47,38,0,HiSeq4000
39,39,28,0,HiSeq4000
40,45,39,0,HiSeq4000
41,38,40,0,HiSeq4000
42,41,28,0,HiSeq4000
43,28,15,0,HiSeq4000
44,36,18,0,HiSeq4000
45,19,22,0,HiSeq4000
46,24,15,0,HiSeq4000
47,17,24,0,HiSeq4000
48,19,20,0,HiSeq4000
49,2,0,0,HiSeq4000
1,181141,177664,0,HiSeq4000
2,61508,59128,0,HiSeq4000
3,22286,21182,0,HiSeq4000
4,39477,38008,0,HiSeq4000
5,9487,8703,0,HiSeq4000
6,10502,9184,0,HiSeq4000
7,2471,1982,0,HiSeq4000
8,8190,7343,0,HiSeq4000
9,2116,1928,0,HiSeq4000
10,3221,2932,0,HiSeq4000
11,1113,947,0,HiSeq4000
12,3558,3176,0,HiSeq4000
13,871,725,0,HiSeq4000
14,1505,1123,0,HiSeq4000
15,986,850,0,HiSeq4000
16,1611,1306,0,HiSeq4000
17,498,468,0,HiSeq4000
18,869,636,0,HiSeq4000
19,401,382,0,HiSeq4000
20,904,668,0,HiSeq4000
21,320,347,0,HiSeq4000
22,470,289,0,HiSeq4000
23,259,226,0,HiSeq4000
24,521,413,0,HiSeq4000
25,232,175,0,HiSeq4000
26,261,191,0,HiSeq4000
27,175,156,0,HiSeq4000
28,284,175,0,HiSeq4000
29,125,93,0,HiSeq4000
30,217,119,0,HiSeq4000
31,113,84,0,HiSeq4000
32,156,99,0,HiSeq4000
33,69,57,0,HiSeq4000
34,121,51,0,HiSeq4000
35,66,51,0,HiSeq4000
36,113,65,0,HiSeq4000
37,60,53,0,HiSeq4000
38,68,48,0,HiSeq4000
39,58,37,0,HiSeq4000
40,58,26,0,HiSeq4000
41,46,44,0,HiSeq4000
42,47,44,0,HiSeq4000
43,26,20,0,HiSeq4000
44,46,25,0,HiSeq4000
45,27,13,0,HiSeq4000
46,42,14,0,HiSeq4000
47,17,17,0,HiSeq4000
48,26,15,0,HiSeq4000
49,25,14,0,HiSeq4000
50,0,0,0,HiSeq4000
51,0,0,0,HiSeq4000
52,0,0,0,HiSeq4000
53,0,0,0,HiSeq4000
54,0,0,0,HiSeq4000
55,0,0,0,HiSeq4000
56,0,0,0,HiSeq4000
57,2,0,0,HiSeq4000
58,0,2,0,HiSeq4000
59,0,0,0,HiSeq4000
60,2,0,0,HiSeq4000
61,0,0,0,HiSeq4000
62,2,0,0,HiSeq4000
1,187274,184428,0,HiSeq4000
2,63266,61450,0,HiSeq4000
3,22938,21877,0,HiSeq4000
4,39867,38544,0,HiSeq4000
5,9656,8836,0,HiSeq4000
6,10662,9333,0,HiSeq4000
7,2581,2021,0,HiSeq4000
8,8303,7454,0,HiSeq4000
9,2163,1970,0,HiSeq4000
10,3257,3017,0,HiSeq4000
11,1133,954,0,HiSeq4000
12,3595,3225,0,HiSeq4000
13,890,740,0,HiSeq4000
14,1516,1145,0,HiSeq4000
15,993,864,0,HiSeq4000
16,1626,1344,0,HiSeq4000
17,502,482,0,HiSeq4000
18,870,643,0,HiSeq4000
19,399,388,0,HiSeq4000
20,917,676,0,HiSeq4000
21,319,347,0,HiSeq4000
22,475,301,0,HiSeq4000
23,259,234,0,HiSeq4000
24,533,444,0,HiSeq4000
25,236,181,0,HiSeq4000
26,268,201,0,HiSeq4000
27,178,157,0,HiSeq4000
28,284,181,0,HiSeq4000
29,131,96,0,HiSeq4000
30,223,126,0,HiSeq4000
31,113,85,0,HiSeq4000
32,158,97,0,HiSeq4000
33,69,59,0,HiSeq4000
34,126,60,0,HiSeq4000
35,68,53,0,HiSeq4000
36,113,76,0,HiSeq4000
37,61,63,0,HiSeq4000
38,72,48,0,HiSeq4000
39,59,41,0,HiSeq4000
40,58,31,0,HiSeq4000
41,48,45,0,HiSeq4000
42,48,42,0,HiSeq4000
43,27,17,0,HiSeq4000
44,48,25,0,HiSeq4000
45,31,12,0,HiSeq4000
46,42,16,0,HiSeq4000
47,17,25,0,HiSeq4000
48,27,17,0,HiSeq4000
49,23,18,0,HiSeq4000
50,0,0,0,HiSeq4000
51,0,0,0,HiSeq4000
52,0,0,0,HiSeq4000
53,0,0,0,HiSeq4000
54,0,0,0,HiSeq4000
55,0,0,0,HiSeq4000
56,0,0,0,HiSeq4000
57,2,0,0,HiSeq4000
58,0,2,0,HiSeq4000
59,0,0,0,HiSeq4000
60,2,0,0,HiSeq4000
61,0,0,0,HiSeq4000
62,2,0,0,HiSeq4000
1,186852,184182,0,HiSeq4000
2,63164,61381,0,HiSeq4000
3,22853,21866,0,HiSeq4000
4,39830,38480,0,HiSeq4000
5,9649,8865,0,HiSeq4000
6,10655,9317,0,HiSeq4000
7,2566,2035,0,HiSeq4000
8,8336,7464,0,HiSeq4000
9,2163,1967,0,HiSeq4000
10,3270,2994,0,HiSeq4000
11,1129,953,0,HiSeq4000
12,3591,3248,0,HiSeq4000
13,887,745,0,HiSeq4000
14,1507,1144,0,HiSeq4000
15,1005,860,0,HiSeq4000
16,1630,1355,0,HiSeq4000
17,504,476,0,HiSeq4000
18,872,652,0,HiSeq4000
19,403,387,0,HiSeq4000
20,924,678,0,HiSeq4000
21,319,355,0,HiSeq4000
22,480,297,0,HiSeq4000
23,265,224,0,HiSeq4000
24,522,445,0,HiSeq4000
25,238,188,0,HiSeq4000
26,262,191,0,HiSeq4000
27,178,154,0,HiSeq4000
28,288,189,0,HiSeq4000
29,132,100,0,HiSeq4000
30,218,130,0,HiSeq4000
31,109,87,0,HiSeq4000
32,154,96,0,HiSeq4000
33,69,55,0,HiSeq4000
34,125,59,0,HiSeq4000
35,65,52,0,HiSeq4000
36,112,72,0,HiSeq4000
37,58,61,0,HiSeq4000
38,68,44,0,HiSeq4000
39,62,41,0,HiSeq4000
40,58,34,0,HiSeq4000
41,48,42,0,HiSeq4000
42,46,43,0,HiSeq4000
43,27,22,0,HiSeq4000
44,53,28,0,HiSeq4000
45,30,15,0,HiSeq4000
46,43,20,0,HiSeq4000
47,18,23,0,HiSeq4000
48,27,15,0,HiSeq4000
49,25,15,0,HiSeq4000
50,0,0,0,HiSeq4000
51,2,0,0,HiSeq4000
52,0,0,0,HiSeq4000
53,0,0,0,HiSeq4000
54,0,0,0,HiSeq4000
55,0,0,0,HiSeq4000
56,0,0,0,HiSeq4000
57,2,0,0,HiSeq4000
58,0,2,0,HiSeq4000
59,0,0,0,HiSeq4000
60,0,0,0,HiSeq4000
61,0,0,0,HiSeq4000
62,2,0,0,HiSeq4000
1,187134,183852,0,HiSeq4000
2,61289,60502,0,HiSeq4000
3,22508,21716,0,HiSeq4000
4,37830,36530,0,HiSeq4000
5,9345,8616,1,HiSeq4000
6,10279,8796,0,HiSeq4000
7,2435,2021,0,HiSeq4000
8,7557,7006,0,HiSeq4000
9,2052,1848,0,HiSeq4000
10,2842,2704,0,HiSeq4000
11,1085,916,0,HiSeq4000
12,3154,2915,0,HiSeq4000
13,851,692,0,HiSeq4000
14,1332,1079,0,HiSeq4000
15,936,766,0,HiSeq4000
16,1329,1299,0,HiSeq4000
17,453,468,0,HiSeq4000
18,743,611,0,HiSeq4000
19,383,377,0,HiSeq4000
20,717,606,0,HiSeq4000
21,266,354,0,HiSeq4000
22,400,290,0,HiSeq4000
23,213,197,0,HiSeq4000
24,392,382,0,HiSeq4000
25,199,184,0,HiSeq4000
26,234,186,0,HiSeq4000
27,144,160,0,HiSeq4000
28,179,161,0,HiSeq4000
29,91,100,0,HiSeq4000
30,154,121,0,HiSeq4000
31,98,81,0,HiSeq4000
32,111,102,0,HiSeq4000
33,50,63,0,HiSeq4000
34,79,65,0,HiSeq4000
35,44,44,0,HiSeq4000
36,67,58,0,HiSeq4000
37,49,58,0,HiSeq4000
38,43,48,0,HiSeq4000
39,49,42,0,HiSeq4000
40,47,43,0,HiSeq4000
41,37,36,0,HiSeq4000
42,41,49,0,HiSeq4000
43,29,22,0,HiSeq4000
44,40,29,0,HiSeq4000
45,20,18,0,HiSeq4000
46,25,18,0,HiSeq4000
47,9,18,0,HiSeq4000
48,22,21,0,HiSeq4000
49,0,0,0,HiSeq4000
50,0,0,0,HiSeq4000
51,0,0,0,HiSeq4000
52,0,0,0,HiSeq4000
53,0,0,0,HiSeq4000
54,0,0,0,HiSeq4000
55,0,0,0,HiSeq4000
56,0,0,0,HiSeq4000
57,0,0,0,HiSeq4000
58,0,0,0,HiSeq4000
59,0,0,0,HiSeq4000
60,0,0,0,HiSeq4000
61,0,0,0,HiSeq4000
62,0,0,0,HiSeq4000
63,0,0,0,HiSeq4000
64,0,0,0,HiSeq4000
65,0,0,0,HiSeq4000
66,0,0,0,HiSeq4000
67,0,1,0,HiSeq4000
1,189356,185607,0,HiSeq4000
2,62041,61523,0,HiSeq4000
3,22703,22151,0,HiSeq4000
4,37864,36930,0,HiSeq4000
5,9448,8683,0,HiSeq4000
6,10247,8821,1,HiSeq4000
7,2486,2021,0,HiSeq4000
8,7626,6908,0,HiSeq4000
9,2080,1812,0,HiSeq4000
10,2982,2701,0,HiSeq4000
11,1127,945,0,HiSeq4000
12,3275,3063,0,HiSeq4000
13,812,701,0,HiSeq4000
14,1286,1037,0,HiSeq4000
15,836,774,0,HiSeq4000
16,1375,1238,0,HiSeq4000
17,433,467,0,HiSeq4000
18,753,594,0,HiSeq4000
19,408,365,0,HiSeq4000
20,738,585,0,HiSeq4000
21,284,309,0,HiSeq4000
22,367,293,0,HiSeq4000
23,211,222,0,HiSeq4000
24,423,384,0,HiSeq4000
25,191,167,0,HiSeq4000
26,213,176,0,HiSeq4000
27,160,149,0,HiSeq4000
28,178,187,0,HiSeq4000
29,98,89,0,HiSeq4000
30,166,111,0,HiSeq4000
31,106,81,0,HiSeq4000
32,117,95,0,HiSeq4000
33,54,49,0,HiSeq4000
34,76,50,0,HiSeq4000
35,61,48,0,HiSeq4000
36,84,66,0,HiSeq4000
37,34,46,0,HiSeq4000
38,48,40,0,HiSeq4000
39,40,29,0,HiSeq4000
40,44,40,0,HiSeq4000
41,39,45,0,HiSeq4000
42,42,30,0,HiSeq4000
43,28,16,0,HiSeq4000
44,36,19,0,HiSeq4000
45,19,22,0,HiSeq4000
46,24,20,0,HiSeq4000
47,16,22,0,HiSeq4000
48,19,20,0,HiSeq4000
49,2,0,0,HiSeq4000
1,190748,187748,0,HiSeq4000
2,64303,62831,0,HiSeq4000
3,23159,22306,0,HiSeq4000
4,40111,38739,0,HiSeq4000
5,9770,8954,0,HiSeq4000
6,10768,9439,0,HiSeq4000
7,2606,2079,0,HiSeq4000
8,8393,7574,0,HiSeq4000
9,2198,1995,0,HiSeq4000
10,3290,3069,0,HiSeq4000
11,1133,961,0,HiSeq4000
12,3628,3271,0,HiSeq4000
13,887,754,0,HiSeq4000
14,1513,1148,0,HiSeq4000
15,996,868,0,HiSeq4000
16,1648,1369,0,HiSeq4000
17,503,481,0,HiSeq4000
18,878,649,0,HiSeq4000
19,404,389,0,HiSeq4000
20,934,706,0,HiSeq4000
21,319,355,0,HiSeq4000
22,481,298,0,HiSeq4000
23,266,230,0,HiSeq4000
24,532,465,0,HiSeq4000
25,242,184,0,HiSeq4000
26,273,202,0,HiSeq4000
27,178,159,0,HiSeq4000
28,291,192,0,HiSeq4000
29,133,101,0,HiSeq4000
30,223,135,0,HiSeq4000
31,113,84,0,HiSeq4000
32,158,113,0,HiSeq4000
33,69,58,0,HiSeq4000
34,121,58,0,HiSeq4000
35,66,54,0,HiSeq4000
36,114,72,0,HiSeq4000
37,62,60,0,HiSeq4000
38,70,54,0,HiSeq4000
39,62,40,0,HiSeq4000
40,62,33,0,HiSeq4000
41,47,49,0,HiSeq4000
42,52,48,0,HiSeq4000
43,27,22,0,HiSeq4000
44,51,28,0,HiSeq4000
45,29,16,0,HiSeq4000
46,42,19,0,HiSeq4000
47,18,21,0,HiSeq4000
48,25,19,0,HiSeq4000
49,25,17,0,HiSeq4000
50,0,0,0,HiSeq4000
51,2,0,0,HiSeq4000
52,0,0,0,HiSeq4000
53,0,0,0,HiSeq4000
54,0,0,0,HiSeq4000
55,0,0,0,HiSeq4000
56,0,0,0,HiSeq4000
57,2,0,0,HiSeq4000
58,0,2,0,HiSeq4000
59,0,0,0,HiSeq4000
60,2,0,0,HiSeq4000
61,0,0,0,HiSeq4000
62,2,0,0,HiSeq4000
1,190894,188041,0,HiSeq4000
2,64328,63049,0,HiSeq4000
3,23165,22361,0,HiSeq4000
4,40118,38860,0,HiSeq4000
5,9743,8991,0,HiSeq4000
6,10753,9479,0,HiSeq4000
7,2621,2068,0,HiSeq4000
8,8419,7584,0,HiSeq4000
9,2182,1979,0,HiSeq4000
10,3287,3054,0,HiSeq4000
11,1135,957,0,HiSeq4000
12,3627,3277,0,HiSeq4000
13,888,753,0,HiSeq4000
14,1528,1162,0,HiSeq4000
15,995,875,0,HiSeq4000
16,1644,1378,0,HiSeq4000
17,501,478,0,HiSeq4000
18,875,651,0,HiSeq4000
19,403,385,0,HiSeq4000
20,925,698,0,HiSeq4000
21,320,352,0,HiSeq4000
22,480,314,0,HiSeq4000
23,265,232,0,HiSeq4000
24,529,456,0,HiSeq4000
25,241,194,0,HiSeq4000
26,269,209,0,HiSeq4000
27,178,157,0,HiSeq4000
28,287,190,0,HiSeq4000
29,135,100,0,HiSeq4000
30,223,135,0,HiSeq4000
31,111,85,0,HiSeq4000
32,158,116,0,HiSeq4000
33,68,59,0,HiSeq4000
34,127,58,0,HiSeq4000
35,67,54,0,HiSeq4000
36,113,81,0,HiSeq4000
37,62,65,0,HiSeq4000
38,71,51,0,HiSeq4000
39,59,41,0,HiSeq4000
40,60,38,0,HiSeq4000
41,46,40,0,HiSeq4000
42,51,45,0,HiSeq4000
43,28,19,0,HiSeq4000
44,51,27,0,HiSeq4000
45,28,13,0,HiSeq4000
46,43,16,0,HiSeq4000
47,14,23,0,HiSeq4000
48,26,17,0,HiSeq4000
49,23,14,0,HiSeq4000
50,0,0,0,HiSeq4000
51,2,0,0,HiSeq4000
52,0,0,0,HiSeq4000
53,0,0,0,HiSeq4000
54,0,0,0,HiSeq4000
55,0,0,0,HiSeq4000
56,0,0,0,HiSeq4000
57,2,0,0,HiSeq4000
58,0,2,0,HiSeq4000
59,0,0,0,HiSeq4000
60,2,0,0,HiSeq4000
61,0,0,0,HiSeq4000
62,2,0,0,HiSeq4000
1,190745,187863,0,HiSeq4000
2,64287,62998,0,HiSeq4000
3,23162,22361,0,HiSeq4000
4,40081,38775,0,HiSeq4000
5,9742,8961,0,HiSeq4000
6,10754,9464,0,HiSeq4000
7,2611,2067,0,HiSeq4000
8,8384,7580,0,HiSeq4000
9,2184,1987,0,HiSeq4000
10,3282,3051,0,HiSeq4000
11,1135,956,0,HiSeq4000
12,3623,3264,0,HiSeq4000
13,886,747,0,HiSeq4000
14,1523,1156,0,HiSeq4000
15,1000,875,0,HiSeq4000
16,1630,1357,0,HiSeq4000
17,503,474,0,HiSeq4000
18,879,655,0,HiSeq4000
19,404,389,0,HiSeq4000
20,922,692,0,HiSeq4000
21,321,354,0,HiSeq4000
22,482,310,0,HiSeq4000
23,266,233,0,HiSeq4000
24,526,464,0,HiSeq4000
25,240,203,0,HiSeq4000
26,266,200,0,HiSeq4000
27,177,162,0,HiSeq4000
28,294,190,0,HiSeq4000
29,131,101,0,HiSeq4000
30,222,126,0,HiSeq4000
31,112,85,0,HiSeq4000
32,157,113,0,HiSeq4000
33,70,54,0,HiSeq4000
34,124,59,0,HiSeq4000
35,64,51,0,HiSeq4000
36,115,73,0,HiSeq4000
37,58,63,0,HiSeq4000
38,70,53,0,HiSeq4000
39,61,44,0,HiSeq4000
40,62,35,0,HiSeq4000
41,48,47,0,HiSeq4000
42,51,44,0,HiSeq4000
43,27,21,0,HiSeq4000
44,51,31,0,HiSeq4000
45,29,17,0,HiSeq4000
46,41,21,0,HiSeq4000
47,15,23,0,HiSeq4000
48,27,18,0,HiSeq4000
49,25,17,0,HiSeq4000
50,0,0,0,HiSeq4000
51,2,0,0,HiSeq4000
52,0,0,0,HiSeq4000
53,0,0,0,HiSeq4000
54,0,0,0,HiSeq4000
55,0,0,0,HiSeq4000
56,0,0,0,HiSeq4000
57,2,0,0,HiSeq4000
58,0,2,0,HiSeq4000
59,0,0,0,HiSeq4000
60,2,0,0,HiSeq4000
61,0,0,0,HiSeq4000
62,2,0,0,HiSeq4000
1,186284,183428,0,HiSeq4000
2,60954,60382,0,HiSeq4000
3,22465,21649,0,HiSeq4000
4,37794,36495,0,HiSeq4000
5,9382,8622,1,HiSeq4000
6,10249,8759,0,HiSeq4000
7,2436,2027,0,HiSeq4000
8,7554,6978,0,HiSeq4000
9,2044,1859,0,HiSeq4000
10,2829,2702,0,HiSeq4000
11,1086,920,0,HiSeq4000
12,3141,2884,0,HiSeq4000
13,853,698,0,HiSeq4000
14,1318,1081,0,HiSeq4000
15,937,765,0,HiSeq4000
16,1317,1278,0,HiSeq4000
17,457,468,0,HiSeq4000
18,746,621,0,HiSeq4000
19,375,383,0,HiSeq4000
20,705,620,0,HiSeq4000
21,269,354,0,HiSeq4000
22,394,289,0,HiSeq4000
23,219,198,0,HiSeq4000
24,395,380,0,HiSeq4000
25,196,181,0,HiSeq4000
26,231,185,0,HiSeq4000
27,138,160,0,HiSeq4000
28,183,169,0,HiSeq4000
29,96,102,0,HiSeq4000
30,160,118,0,HiSeq4000
31,98,83,0,HiSeq4000
32,111,100,0,HiSeq4000
33,51,67,0,HiSeq4000
34,78,64,0,HiSeq4000
35,43,48,0,HiSeq4000
36,74,64,0,HiSeq4000
37,50,59,0,HiSeq4000
38,43,45,0,HiSeq4000
39,48,43,0,HiSeq4000
40,48,46,0,HiSeq4000
41,37,33,0,HiSeq4000
42,40,44,0,HiSeq4000
43,29,22,0,HiSeq4000
44,38,29,0,HiSeq4000
45,20,19,0,HiSeq4000
46,25,14,0,HiSeq4000
47,8,20,0,HiSeq4000
48,22,20,0,HiSeq4000
49,0,0,0,HiSeq4000
50,0,0,0,HiSeq4000
51,0,0,0,HiSeq4000
52,0,0,0,HiSeq4000
53,0,0,0,HiSeq4000
54,0,0,0,HiSeq4000
55,0,0,0,HiSeq4000
56,0,0,0,HiSeq4000
57,0,0,0,HiSeq4000
58,0,0,0,HiSeq4000
59,0,0,0,HiSeq4000
60,0,0,0,HiSeq4000
61,0,0,0,HiSeq4000
62,0,0,0,HiSeq4000
63,0,0,0,HiSeq4000
64,0,0,0,HiSeq4000
65,0,0,0,HiSeq4000
66,0,0,0,HiSeq4000
67,0,1,0,HiSeq4000
1,188252,184916,0,HiSeq4000
2,61758,61123,0,HiSeq4000
3,22595,22010,0,HiSeq4000
4,37781,36788,0,HiSeq4000
5,9386,8678,0,HiSeq4000
6,10219,8792,1,HiSeq4000
7,2477,1997,0,HiSeq4000
8,7592,6870,0,HiSeq4000
9,2084,1806,0,HiSeq4000
10,2981,2675,0,HiSeq4000
11,1132,946,0,HiSeq4000
12,3260,3029,0,HiSeq4000
13,808,702,0,HiSeq4000
14,1271,1037,0,HiSeq4000
15,834,762,0,HiSeq4000
16,1372,1228,0,HiSeq4000
17,425,460,0,HiSeq4000
18,756,591,0,HiSeq4000
19,406,367,0,HiSeq4000
20,722,578,0,HiSeq4000
21,283,312,0,HiSeq4000
22,366,289,0,HiSeq4000
23,211,223,0,HiSeq4000
24,422,378,0,HiSeq4000
25,186,172,0,HiSeq4000
26,211,170,0,HiSeq4000
27,156,148,0,HiSeq4000
28,178,189,0,HiSeq4000
29,100,91,0,HiSeq4000
30,160,112,0,HiSeq4000
31,106,81,0,HiSeq4000
32,119,99,0,HiSeq4000
33,52,47,0,HiSeq4000
34,71,49,0,HiSeq4000
35,56,51,0,HiSeq4000
36,81,64,0,HiSeq4000
37,33,40,0,HiSeq4000
38,49,42,0,HiSeq4000
39,40,30,0,HiSeq4000
40,42,37,0,HiSeq4000
41,40,43,0,HiSeq4000
42,40,30,0,HiSeq4000
43,28,17,0,HiSeq4000
44,39,20,0,HiSeq4000
45,18,22,0,HiSeq4000
46,24,19,0,HiSeq4000
47,14,24,0,HiSeq4000
48,19,18,0,HiSeq4000
49,2,0,0,HiSeq4000
1,189569,187193,0,HiSeq4000
2,63805,62474,0,HiSeq4000
3,23060,22203,0,HiSeq4000
4,39969,38710,0,HiSeq4000
5,9691,8939,0,HiSeq4000
6,10685,9407,0,HiSeq4000
7,2626,2057,0,HiSeq4000
8,8343,7565,0,HiSeq4000
9,2177,1983,0,HiSeq4000
10,3275,3041,0,HiSeq4000
11,1138,959,0,HiSeq4000
12,3610,3253,0,HiSeq4000
13,881,744,0,HiSeq4000
14,1512,1147,0,HiSeq4000
15,996,868,0,HiSeq4000
16,1627,1350,0,HiSeq4000
17,501,470,0,HiSeq4000
18,876,652,0,HiSeq4000
19,403,394,0,HiSeq4000
20,924,679,0,HiSeq4000
21,318,357,0,HiSeq4000
22,473,300,0,HiSeq4000
23,261,231,0,HiSeq4000
24,527,462,0,HiSeq4000
25,239,182,0,HiSeq4000
26,268,200,0,HiSeq4000
27,177,154,0,HiSeq4000
28,284,181,0,HiSeq4000
29,130,102,0,HiSeq4000
30,221,132,0,HiSeq4000
31,112,87,0,HiSeq4000
32,160,101,0,HiSeq4000
33,69,61,0,HiSeq4000
34,122,56,0,HiSeq4000
35,67,52,0,HiSeq4000
36,114,79,0,HiSeq4000
37,60,63,0,HiSeq4000
38,70,53,0,HiSeq4000
39,60,40,0,HiSeq4000
40,58,34,0,HiSeq4000
41,48,44,0,HiSeq4000
42,47,46,0,HiSeq4000
43,28,19,0,HiSeq4000
44,51,27,0,HiSeq4000
45,29,15,0,HiSeq4000
46,43,18,0,HiSeq4000
47,16,25,0,HiSeq4000
48,26,20,0,HiSeq4000
49,25,13,0,HiSeq4000
50,0,0,0,HiSeq4000
51,2,0,0,HiSeq4000
52,0,0,0,HiSeq4000
53,0,0,0,HiSeq4000
54,0,0,0,HiSeq4000
55,0,0,0,HiSeq4000
56,0,0,0,HiSeq4000
57,2,0,0,HiSeq4000
58,0,2,0,HiSeq4000
59,0,0,0,HiSeq4000
60,2,0,0,HiSeq4000
61,0,0,0,HiSeq4000
62,2,0,0,HiSeq4000
1,189801,187478,0,HiSeq4000
2,63926,62666,0,HiSeq4000
3,23075,22277,0,HiSeq4000
4,39969,38772,0,HiSeq4000
5,9710,8973,0,HiSeq4000
6,10708,9404,0,HiSeq4000
7,2625,2053,0,HiSeq4000
8,8343,7566,0,HiSeq4000
9,2170,1993,0,HiSeq4000
10,3256,3049,0,HiSeq4000
11,1131,965,0,HiSeq4000
12,3607,3269,0,HiSeq4000
13,881,749,0,HiSeq4000
14,1503,1146,0,HiSeq4000
15,996,862,0,HiSeq4000
16,1621,1356,0,HiSeq4000
17,506,477,0,HiSeq4000
18,872,652,0,HiSeq4000
19,401,391,0,HiSeq4000
20,918,697,0,HiSeq4000
21,319,353,0,HiSeq4000
22,474,304,0,HiSeq4000
23,266,232,0,HiSeq4000
24,532,454,0,HiSeq4000
25,237,193,0,HiSeq4000
26,268,202,0,HiSeq4000
27,178,161,0,HiSeq4000
28,291,186,0,HiSeq4000
29,128,99,0,HiSeq4000
30,224,132,0,HiSeq4000
31,112,87,0,HiSeq4000
32,157,111,0,HiSeq4000
33,70,60,0,HiSeq4000
34,123,67,0,HiSeq4000
35,69,53,0,HiSeq4000
36,116,75,0,HiSeq4000
37,60,67,0,HiSeq4000
38,70,50,0,HiSeq4000
39,59,41,0,HiSeq4000
40,60,39,0,HiSeq4000
41,48,46,0,HiSeq4000
42,51,49,0,HiSeq4000
43,27,21,0,HiSeq4000
44,52,30,0,HiSeq4000
45,30,15,0,HiSeq4000
46,42,17,0,HiSeq4000
47,17,24,0,HiSeq4000
48,27,18,0,HiSeq4000
49,25,15,0,HiSeq4000
50,0,0,0,HiSeq4000
51,2,0,0,HiSeq4000
52,0,0,0,HiSeq4000
53,0,0,0,HiSeq4000
54,0,0,0,HiSeq4000
55,0,0,0,HiSeq4000
56,0,0,0,HiSeq4000
57,2,0,0,HiSeq4000
58,0,2,0,HiSeq4000
59,0,0,0,HiSeq4000
60,2,0,0,HiSeq4000
61,0,0,0,HiSeq4000
62,2,0,0,HiSeq4000
1,189842,187622,0,HiSeq4000
2,64041,62761,0,HiSeq4000
3,23108,22274,0,HiSeq4000
4,40052,38774,0,HiSeq4000
5,9734,8950,0,HiSeq4000
6,10726,9423,0,HiSeq4000
7,2614,2069,0,HiSeq4000
8,8358,7514,0,HiSeq4000
9,2177,1987,0,HiSeq4000
10,3266,3052,0,HiSeq4000
11,1134,960,0,HiSeq4000
12,3625,3254,0,HiSeq4000
13,884,742,0,HiSeq4000
14,1519,1151,0,HiSeq4000
15,994,874,0,HiSeq4000
16,1616,1370,0,HiSeq4000
17,501,473,0,HiSeq4000
18,872,650,0,HiSeq4000
19,403,386,0,HiSeq4000
20,923,693,0,HiSeq4000
21,319,355,0,HiSeq4000
22,479,303,0,HiSeq4000
23,262,228,0,HiSeq4000
24,525,456,0,HiSeq4000
25,241,185,0,HiSeq4000
26,268,199,0,HiSeq4000
27,176,158,0,HiSeq4000
28,283,186,0,HiSeq4000
29,135,97,0,HiSeq4000
30,225,133,0,HiSeq4000
31,111,83,0,HiSeq4000
32,154,111,0,HiSeq4000
33,68,57,0,HiSeq4000
34,126,58,0,HiSeq4000
35,64,54,0,HiSeq4000
36,115,76,0,HiSeq4000
37,61,58,0,HiSeq4000
38,69,48,0,HiSeq4000
39,59,40,0,HiSeq4000
40,60,34,0,HiSeq4000
41,47,49,0,HiSeq4000
42,52,48,0,HiSeq4000
43,28,21,0,HiSeq4000
44,52,29,0,HiSeq4000
45,29,16,0,HiSeq4000
46,41,16,0,HiSeq4000
47,17,23,0,HiSeq4000
48,24,18,0,HiSeq4000
49,24,16,0,HiSeq4000
50,0,0,0,HiSeq4000
51,0,0,0,HiSeq4000
52,0,0,0,HiSeq4000
53,0,0,0,HiSeq4000
54,0,0,0,HiSeq4000
55,0,0,0,HiSeq4000
56,0,0,0,HiSeq4000
57,2,0,0,HiSeq4000
58,0,2,0,HiSeq4000
59,0,0,0,HiSeq4000
60,2,0,0,HiSeq4000
61,0,0,0,HiSeq4000
62,2,0,0,HiSeq4000
1,191395,187392,0,HiSeqX10
2,63222,62265,0,HiSeqX10
3,23311,22352,0,HiSeqX10
4,38244,36772,0,HiSeqX10
5,9570,8754,1,HiSeqX10
6,10424,8853,0,HiSeqX10
7,2542,2091,0,HiSeqX10
8,7649,6987,0,HiSeqX10
9,2122,1867,0,HiSeqX10
10,2868,2715,0,HiSeqX10
11,1092,921,0,HiSeqX10
12,3169,2900,0,HiSeqX10
13,864,707,0,HiSeqX10
14,1337,1074,0,HiSeqX10
15,942,755,0,HiSeqX10
16,1332,1280,0,HiSeqX10
17,458,467,0,HiSeqX10
18,750,612,0,HiSeqX10
19,385,376,0,HiSeqX10
20,712,615,0,HiSeqX10
21,274,356,0,HiSeqX10
22,401,289,0,HiSeqX10
23,221,202,0,HiSeqX10
24,402,383,0,HiSeqX10
25,204,176,0,HiSeqX10
26,231,188,0,HiSeqX10
27,144,154,0,HiSeqX10
28,184,161,0,HiSeqX10
29,96,100,0,HiSeqX10
30,156,120,0,HiSeqX10
31,98,80,0,HiSeqX10
32,109,105,0,HiSeqX10
33,50,64,0,HiSeqX10
34,77,62,0,HiSeqX10
35,46,39,0,HiSeqX10
36,73,62,0,HiSeqX10
37,50,60,0,HiSeqX10
38,42,46,0,HiSeqX10
39,49,40,0,HiSeqX10
40,49,47,0,HiSeqX10
41,38,38,0,HiSeqX10
42,40,45,0,HiSeqX10
43,29,19,0,HiSeqX10
44,40,25,0,HiSeqX10
45,20,19,0,HiSeqX10
46,26,18,0,HiSeqX10
47,9,16,0,HiSeqX10
48,22,21,0,HiSeqX10
49,0,0,0,HiSeqX10
50,0,0,0,HiSeqX10
51,0,0,0,HiSeqX10
52,0,0,0,HiSeqX10
53,0,0,0,HiSeqX10
54,0,0,0,HiSeqX10
55,0,0,0,HiSeqX10
56,0,0,0,HiSeqX10
57,0,0,0,HiSeqX10
58,0,0,0,HiSeqX10
59,0,0,0,HiSeqX10
60,0,0,0,HiSeqX10
61,0,0,0,HiSeqX10
62,0,0,0,HiSeqX10
63,0,0,0,HiSeqX10
64,0,0,0,HiSeqX10
65,0,0,0,HiSeqX10
66,0,0,0,HiSeqX10
67,0,1,0,HiSeqX10
1,193679,189181,0,HiSeqX10
2,64166,63339,0,HiSeqX10
3,23519,22796,0,HiSeqX10
4,38317,37160,0,HiSeqX10
5,9606,8826,0,HiSeqX10
6,10433,8900,1,HiSeqX10
7,2613,2077,0,HiSeqX10
8,7745,6904,0,HiSeqX10
9,2159,1838,0,HiSeqX10
10,3001,2691,0,HiSeqX10
11,1150,946,0,HiSeqX10
12,3293,3012,0,HiSeqX10
13,828,704,0,HiSeqX10
14,1289,1033,0,HiSeqX10
15,836,760,0,HiSeqX10
16,1377,1210,0,HiSeqX10
17,438,460,0,HiSeqX10
18,759,585,0,HiSeqX10
19,413,367,0,HiSeqX10
20,737,583,0,HiSeqX10
21,286,304,0,HiSeqX10
22,365,292,0,HiSeqX10
23,216,226,0,HiSeqX10
24,429,381,0,HiSeqX10
25,193,170,0,HiSeqX10
26,214,176,0,HiSeqX10
27,160,149,0,HiSeqX10
28,182,190,0,HiSeqX10
29,100,88,0,HiSeqX10
30,164,115,0,HiSeqX10
31,107,83,0,HiSeqX10
32,120,99,0,HiSeqX10
33,52,52,0,HiSeqX10
34,75,49,0,HiSeqX10
35,60,50,0,HiSeqX10
36,85,66,0,HiSeqX10
37,34,40,0,HiSeqX10
38,50,40,0,HiSeqX10
39,40,31,0,HiSeqX10
40,44,42,0,HiSeqX10
41,41,42,0,HiSeqX10
42,42,28,0,HiSeqX10
43,28,16,0,HiSeqX10
44,36,19,0,HiSeqX10
45,19,20,0,HiSeqX10
46,23,18,0,HiSeqX10
47,17,25,0,HiSeqX10
48,20,21,0,HiSeqX10
49,2,0,0,HiSeqX10
1,195022,191399,0,HiSeqX10
2,66207,64677,0,HiSeqX10
3,23885,22948,0,HiSeqX10
4,40519,39106,0,HiSeqX10
5,9929,9101,0,HiSeqX10
6,10906,9553,0,HiSeqX10
7,2725,2146,0,HiSeqX10
8,8498,7626,0,HiSeqX10
9,2246,2028,0,HiSeqX10
10,3302,3082,0,HiSeqX10
11,1143,963,0,HiSeqX10
12,3639,3303,0,HiSeqX10
13,900,755,0,HiSeqX10
14,1530,1166,0,HiSeqX10
15,1004,882,0,HiSeqX10
16,1623,1366,0,HiSeqX10
17,507,484,0,HiSeqX10
18,876,660,0,HiSeqX10
19,405,396,0,HiSeqX10
20,934,715,0,HiSeqX10
21,319,356,0,HiSeqX10
22,484,314,0,HiSeqX10
23,268,233,0,HiSeqX10
24,532,475,0,HiSeqX10
25,243,199,0,HiSeqX10
26,271,208,0,HiSeqX10
27,178,161,0,HiSeqX10
28,291,192,0,HiSeqX10
29,135,105,0,HiSeqX10
30,222,136,0,HiSeqX10
31,114,91,0,HiSeqX10
32,161,119,0,HiSeqX10
33,70,66,0,HiSeqX10
34,122,65,0,HiSeqX10
35,65,52,0,HiSeqX10
36,119,80,0,HiSeqX10
37,59,66,0,HiSeqX10
38,70,54,0,HiSeqX10
39,59,42,0,HiSeqX10
40,63,37,0,HiSeqX10
41,47,47,0,HiSeqX10
42,51,47,0,HiSeqX10
43,29,19,0,HiSeqX10
44,53,30,0,HiSeqX10
45,32,17,0,HiSeqX10
46,40,19,0,HiSeqX10
47,17,24,0,HiSeqX10
48,27,21,0,HiSeqX10
49,25,18,0,HiSeqX10
50,0,0,0,HiSeqX10
51,2,0,0,HiSeqX10
52,0,0,0,HiSeqX10
53,0,0,0,HiSeqX10
54,0,0,0,HiSeqX10
55,0,0,0,HiSeqX10
56,0,0,0,HiSeqX10
57,2,0,0,HiSeqX10
58,0,2,0,HiSeqX10
59,0,0,0,HiSeqX10
60,2,0,0,HiSeqX10
61,0,0,0,HiSeqX10
62,2,0,0,HiSeqX10
1,195066,191468,0,HiSeqX10
2,66221,64709,0,HiSeqX10
3,23893,22920,0,HiSeqX10
4,40523,39114,0,HiSeqX10
5,9933,9099,0,HiSeqX10
6,10911,9561,0,HiSeqX10
7,2724,2150,0,HiSeqX10
8,8512,7633,0,HiSeqX10
9,2254,2004,0,HiSeqX10
10,3301,3044,0,HiSeqX10
11,1143,967,0,HiSeqX10
12,3643,3279,0,HiSeqX10
13,901,754,0,HiSeqX10
14,1540,1159,0,HiSeqX10
15,1003,856,0,HiSeqX10
16,1635,1368,0,HiSeqX10
17,502,482,0,HiSeqX10
18,877,659,0,HiSeqX10
19,404,390,0,HiSeqX10
20,933,712,0,HiSeqX10
21,324,353,0,HiSeqX10
22,486,304,0,HiSeqX10
23,268,225,0,HiSeqX10
24,531,466,0,HiSeqX10
25,240,191,0,HiSeqX10
26,272,203,0,HiSeqX10
27,179,161,0,HiSeqX10
28,292,191,0,HiSeqX10
29,132,105,0,HiSeqX10
30,224,131,0,HiSeqX10
31,114,85,0,HiSeqX10
32,162,119,0,HiSeqX10
33,68,64,0,HiSeqX10
34,127,60,0,HiSeqX10
35,66,56,0,HiSeqX10
36,117,81,0,HiSeqX10
37,60,65,0,HiSeqX10
38,71,47,0,HiSeqX10
39,59,42,0,HiSeqX10
40,61,36,0,HiSeqX10
41,46,49,0,HiSeqX10
42,52,45,0,HiSeqX10
43,28,21,0,HiSeqX10
44,53,31,0,HiSeqX10
45,30,17,0,HiSeqX10
46,41,20,0,HiSeqX10
47,18,24,0,HiSeqX10
48,28,21,0,HiSeqX10
49,25,19,0,HiSeqX10
50,0,0,0,HiSeqX10
51,2,0,0,HiSeqX10
52,0,0,0,HiSeqX10
53,0,0,0,HiSeqX10
54,0,0,0,HiSeqX10
55,0,0,0,HiSeqX10
56,0,0,0,HiSeqX10
57,2,0,0,HiSeqX10
58,0,2,0,HiSeqX10
59,0,0,0,HiSeqX10
60,2,0,0,HiSeqX10
61,0,0,0,HiSeqX10
62,2,0,0,HiSeqX10
1,194965,191325,0,HiSeqX10
2,66199,64662,0,HiSeqX10
3,23883,22934,0,HiSeqX10
4,40500,39058,0,HiSeqX10
5,9918,9085,0,HiSeqX10
6,10904,9552,0,HiSeqX10
7,2739,2141,0,HiSeqX10
8,8488,7599,0,HiSeqX10
9,2252,2017,0,HiSeqX10
10,3301,3067,0,HiSeqX10
11,1143,962,0,HiSeqX10
12,3632,3284,0,HiSeqX10
13,904,747,0,HiSeqX10
14,1536,1158,0,HiSeqX10
15,1002,871,0,HiSeqX10
16,1640,1372,0,HiSeqX10
17,505,487,0,HiSeqX10
18,882,661,0,HiSeqX10
19,406,389,0,HiSeqX10
20,933,717,0,HiSeqX10
21,322,353,0,HiSeqX10
22,481,310,0,HiSeqX10
23,262,232,0,HiSeqX10
24,531,469,0,HiSeqX10
25,241,194,0,HiSeqX10
26,271,201,0,HiSeqX10
27,178,162,0,HiSeqX10
28,290,191,0,HiSeqX10
29,129,109,0,HiSeqX10
30,219,140,0,HiSeqX10
31,113,92,0,HiSeqX10
32,162,112,0,HiSeqX10
33,71,61,0,HiSeqX10
34,125,66,0,HiSeqX10
35,67,56,0,HiSeqX10
36,117,78,0,HiSeqX10
37,63,67,0,HiSeqX10
38,73,50,0,HiSeqX10
39,61,39,0,HiSeqX10
40,63,39,0,HiSeqX10
41,50,47,0,HiSeqX10
42,51,49,0,HiSeqX10
43,28,20,0,HiSeqX10
44,53,29,0,HiSeqX10
45,29,16,0,HiSeqX10
46,43,20,0,HiSeqX10
47,18,24,0,HiSeqX10
48,27,22,0,HiSeqX10
49,25,17,0,HiSeqX10
50,0,0,0,HiSeqX10
51,2,0,0,HiSeqX10
52,0,0,0,HiSeqX10
53,0,0,0,HiSeqX10
54,0,0,0,HiSeqX10
55,0,0,0,HiSeqX10
56,0,0,0,HiSeqX10
57,2,0,0,HiSeqX10
58,0,2,0,HiSeqX10
59,0,0,0,HiSeqX10
60,2,0,0,HiSeqX10
61,0,0,0,HiSeqX10
62,2,0,0,HiSeqX10
1,190862,186917,0,HiSeqX10
2,63098,61984,0,HiSeqX10
3,23280,22290,0,HiSeqX10
4,38236,36829,0,HiSeqX10
5,9562,8759,1,HiSeqX10
6,10421,8870,0,HiSeqX10
7,2541,2088,0,HiSeqX10
8,7646,7042,0,HiSeqX10
9,2121,1880,0,HiSeqX10
10,2857,2748,0,HiSeqX10
11,1095,923,0,HiSeqX10
12,3167,2922,0,HiSeqX10
13,863,712,0,HiSeqX10
14,1330,1096,0,HiSeqX10
15,948,771,0,HiSeqX10
16,1334,1307,0,HiSeqX10
17,460,469,0,HiSeqX10
18,752,615,0,HiSeqX10
19,384,377,0,HiSeqX10
20,712,615,0,HiSeqX10
21,274,356,0,HiSeqX10
22,404,292,0,HiSeqX10
23,220,199,0,HiSeqX10
24,401,392,0,HiSeqX10
25,202,181,0,HiSeqX10
26,234,189,0,HiSeqX10
27,144,158,0,HiSeqX10
28,188,165,0,HiSeqX10
29,92,102,0,HiSeqX10
30,162,125,0,HiSeqX10
31,98,83,0,HiSeqX10
32,108,106,0,HiSeqX10
33,52,63,0,HiSeqX10
34,75,61,0,HiSeqX10
35,47,45,0,HiSeqX10
36,75,61,0,HiSeqX10
37,48,60,0,HiSeqX10
38,43,43,0,HiSeqX10
39,49,37,0,HiSeqX10
40,47,44,0,HiSeqX10
41,35,34,0,HiSeqX10
42,41,46,0,HiSeqX10
43,29,22,0,HiSeqX10
44,41,23,0,HiSeqX10
45,20,19,0,HiSeqX10
46,25,18,0,HiSeqX10
47,9,18,0,HiSeqX10
48,22,23,0,HiSeqX10
49,0,0,0,HiSeqX10
50,0,0,0,HiSeqX10
51,0,0,0,HiSeqX10
52,0,0,0,HiSeqX10
53,0,0,0,HiSeqX10
54,0,0,0,HiSeqX10
55,0,0,0,HiSeqX10
56,0,0,0,HiSeqX10
57,0,0,0,HiSeqX10
58,0,0,0,HiSeqX10
59,0,0,0,HiSeqX10
60,0,0,0,HiSeqX10
61,0,0,0,HiSeqX10
62,0,0,0,HiSeqX10
63,0,0,0,HiSeqX10
64,0,0,0,HiSeqX10
65,0,0,0,HiSeqX10
66,0,0,0,HiSeqX10
67,0,1,0,HiSeqX10
1,193014,188611,0,HiSeqX10
2,63909,62907,0,HiSeqX10
3,23483,22709,0,HiSeqX10
4,38227,37112,0,HiSeqX10
5,9585,8813,0,HiSeqX10
6,10365,8905,1,HiSeqX10
7,2622,2079,0,HiSeqX10
8,7713,6888,0,HiSeqX10
9,2153,1829,0,HiSeqX10
10,2990,2713,0,HiSeqX10
11,1149,953,0,HiSeqX10
12,3274,3042,0,HiSeqX10
13,827,706,0,HiSeqX10
14,1290,1037,0,HiSeqX10
15,837,757,0,HiSeqX10
16,1380,1217,0,HiSeqX10
17,436,463,0,HiSeqX10
18,758,594,0,HiSeqX10
19,411,366,0,HiSeqX10
20,737,569,0,HiSeqX10
21,288,310,0,HiSeqX10
22,368,291,0,HiSeqX10
23,215,223,0,HiSeqX10
24,425,373,0,HiSeqX10
25,193,164,0,HiSeqX10
26,214,170,0,HiSeqX10
27,160,145,0,HiSeqX10
28,182,184,0,HiSeqX10
29,98,88,0,HiSeqX10
30,164,118,0,HiSeqX10
31,106,84,0,HiSeqX10
32,120,100,0,HiSeqX10
33,53,49,0,HiSeqX10
34,72,47,0,HiSeqX10
35,60,50,0,HiSeqX10
36,84,64,0,HiSeqX10
37,32,43,0,HiSeqX10
38,48,43,0,HiSeqX10
39,40,31,0,HiSeqX10
40,43,41,0,HiSeqX10
41,37,39,0,HiSeqX10
42,39,28,0,HiSeqX10
43,28,17,0,HiSeqX10
44,38,19,0,HiSeqX10
45,19,20,0,HiSeqX10
46,23,15,0,HiSeqX10
47,16,20,0,HiSeqX10
48,19,19,0,HiSeqX10
49,2,0,0,HiSeqX10
1,194590,190927,0,HiSeqX10
2,66010,64300,0,HiSeqX10
3,23888,22881,0,HiSeqX10
4,40426,39055,0,HiSeqX10
5,9918,9091,0,HiSeqX10
6,10881,9521,0,HiSeqX10
7,2733,2143,0,HiSeqX10
8,8478,7596,0,HiSeqX10
9,2256,2021,0,HiSeqX10
10,3295,3060,0,HiSeqX10
11,1143,964,0,HiSeqX10
12,3638,3295,0,HiSeqX10
13,902,755,0,HiSeqX10
14,1537,1149,0,HiSeqX10
15,1000,876,0,HiSeqX10
16,1630,1350,0,HiSeqX10
17,504,482,0,HiSeqX10
18,877,654,0,HiSeqX10
19,406,385,0,HiSeqX10
20,925,699,0,HiSeqX10
21,322,351,0,HiSeqX10
22,481,305,0,HiSeqX10
23,267,231,0,HiSeqX10
24,533,462,0,HiSeqX10
25,240,187,0,HiSeqX10
26,267,211,0,HiSeqX10
27,179,159,0,HiSeqX10
28,290,187,0,HiSeqX10
29,135,102,0,HiSeqX10
30,224,137,0,HiSeqX10
31,114,89,0,HiSeqX10
32,159,113,0,HiSeqX10
33,69,56,0,HiSeqX10
34,122,58,0,HiSeqX10
35,65,54,0,HiSeqX10
36,115,71,0,HiSeqX10
37,57,61,0,HiSeqX10
38,69,51,0,HiSeqX10
39,60,41,0,HiSeqX10
40,62,39,0,HiSeqX10
41,46,45,0,HiSeqX10
42,51,45,0,HiSeqX10
43,27,21,0,HiSeqX10
44,53,30,0,HiSeqX10
45,29,17,0,HiSeqX10
46,43,17,0,HiSeqX10
47,16,23,0,HiSeqX10
48,27,18,0,HiSeqX10
49,25,17,0,HiSeqX10
50,0,0,0,HiSeqX10
51,2,0,0,HiSeqX10
52,0,0,0,HiSeqX10
53,0,0,0,HiSeqX10
54,0,0,0,HiSeqX10
55,0,0,0,HiSeqX10
56,0,0,0,HiSeqX10
57,2,0,0,HiSeqX10
58,0,0,0,HiSeqX10
59,0,0,0,HiSeqX10
60,2,0,0,HiSeqX10
61,0,0,0,HiSeqX10
62,2,0,0,HiSeqX10
1,194598,191037,0,HiSeqX10
2,66085,64467,0,HiSeqX10
3,23897,22872,0,HiSeqX10
4,40473,39154,0,HiSeqX10
5,9932,9105,0,HiSeqX10
6,10916,9564,0,HiSeqX10
7,2733,2148,0,HiSeqX10
8,8494,7648,0,HiSeqX10
9,2250,2019,0,HiSeqX10
10,3310,3074,0,HiSeqX10
11,1146,967,0,HiSeqX10
12,3649,3314,0,HiSeqX10
13,901,758,0,HiSeqX10
14,1541,1167,0,HiSeqX10
15,1002,875,0,HiSeqX10
16,1638,1370,0,HiSeqX10
17,503,482,0,HiSeqX10
18,880,664,0,HiSeqX10
19,407,390,0,HiSeqX10
20,927,710,0,HiSeqX10
21,322,355,0,HiSeqX10
22,485,305,0,HiSeqX10
23,265,229,0,HiSeqX10
24,531,469,0,HiSeqX10
25,242,194,0,HiSeqX10
26,272,204,0,HiSeqX10
27,178,162,0,HiSeqX10
28,295,188,0,HiSeqX10
29,132,105,0,HiSeqX10
30,224,144,0,HiSeqX10
31,112,88,0,HiSeqX10
32,158,119,0,HiSeqX10
33,70,58,0,HiSeqX10
34,128,61,0,HiSeqX10
35,67,56,0,HiSeqX10
36,115,77,0,HiSeqX10
37,59,62,0,HiSeqX10
38,69,52,0,HiSeqX10
39,59,38,0,HiSeqX10
40,59,38,0,HiSeqX10
41,47,47,0,HiSeqX10
42,52,48,0,HiSeqX10
43,28,22,0,HiSeqX10
44,54,31,0,HiSeqX10
45,30,15,0,HiSeqX10
46,43,21,0,HiSeqX10
47,17,25,0,HiSeqX10
48,28,21,0,HiSeqX10
49,25,18,0,HiSeqX10
50,0,0,0,HiSeqX10
51,2,0,0,HiSeqX10
52,0,0,0,HiSeqX10
53,0,0,0,HiSeqX10
54,0,0,0,HiSeqX10
55,0,0,0,HiSeqX10
56,0,0,0,HiSeqX10
57,2,0,0,HiSeqX10
58,0,0,0,HiSeqX10
59,0,0,0,HiSeqX10
60,2,0,0,HiSeqX10
61,0,0,0,HiSeqX10
62,2,0,0,HiSeqX10
1,194613,190944,0,HiSeqX10
2,66058,64389,0,HiSeqX10
3,23902,22897,0,HiSeqX10
4,40450,39114,0,HiSeqX10
5,9937,9112,0,HiSeqX10
6,10895,9532,0,HiSeqX10
7,2726,2129,0,HiSeqX10
8,8497,7618,0,HiSeqX10
9,2247,2025,0,HiSeqX10
10,3308,3092,0,HiSeqX10
11,1144,968,0,HiSeqX10
12,3642,3280,0,HiSeqX10
13,902,750,0,HiSeqX10
14,1528,1160,0,HiSeqX10
15,1007,872,0,HiSeqX10
16,1646,1366,0,HiSeqX10
17,504,482,0,HiSeqX10
18,882,665,0,HiSeqX10
19,405,392,0,HiSeqX10
20,931,702,0,HiSeqX10
21,319,357,0,HiSeqX10
22,482,310,0,HiSeqX10
23,269,230,0,HiSeqX10
24,533,467,0,HiSeqX10
25,242,196,0,HiSeqX10
26,265,200,0,HiSeqX10
27,179,161,0,HiSeqX10
28,293,196,0,HiSeqX10
29,131,106,0,HiSeqX10
30,224,139,0,HiSeqX10
31,114,88,0,HiSeqX10
32,156,115,0,HiSeqX10
33,68,62,0,HiSeqX10
34,127,63,0,HiSeqX10
35,67,54,0,HiSeqX10
36,116,78,0,HiSeqX10
37,62,66,0,HiSeqX10
38,70,54,0,HiSeqX10
39,60,42,0,HiSeqX10
40,59,38,0,HiSeqX10
41,48,44,0,HiSeqX10
42,51,46,0,HiSeqX10
43,28,20,0,HiSeqX10
44,54,28,0,HiSeqX10
45,30,16,0,HiSeqX10
46,39,17,0,HiSeqX10
47,17,24,0,HiSeqX10
48,26,17,0,HiSeqX10
49,25,18,0,HiSeqX10
50,0,0,0,HiSeqX10
51,2,0,0,HiSeqX10
52,0,0,0,HiSeqX10
53,0,0,0,HiSeqX10
54,0,0,0,HiSeqX10
55,0,0,0,HiSeqX10
56,0,0,0,HiSeqX10
57,2,0,0,HiSeqX10
58,0,2,0,HiSeqX10
59,0,0,0,HiSeqX10
60,2,0,0,HiSeqX10
61,0,0,0,HiSeqX10
62,2,0,0,HiSeqX10
1,191435,187545,0,MGISEQ2000
2,63257,62330,0,MGISEQ2000
3,23294,22379,0,MGISEQ2000
4,38243,36815,0,MGISEQ2000
5,9568,8767,1,MGISEQ2000
6,10454,8890,0,MGISEQ2000
7,2543,2092,0,MGISEQ2000
8,7646,7004,0,MGISEQ2000
9,2120,1868,0,MGISEQ2000
10,2869,2711,0,MGISEQ2000
11,1094,921,0,MGISEQ2000
12,3160,2870,0,MGISEQ2000
13,865,696,0,MGISEQ2000
14,1337,1085,0,MGISEQ2000
15,936,746,0,MGISEQ2000
16,1325,1267,0,MGISEQ2000
17,458,446,0,MGISEQ2000
18,746,599,0,MGISEQ2000
19,383,371,0,MGISEQ2000
20,711,608,0,MGISEQ2000
21,269,344,0,MGISEQ2000
22,402,273,0,MGISEQ2000
23,220,201,0,MGISEQ2000
24,398,375,0,MGISEQ2000
25,198,174,0,MGISEQ2000
26,229,169,0,MGISEQ2000
27,142,153,0,MGISEQ2000
28,184,148,0,MGISEQ2000
29,91,94,0,MGISEQ2000
30,157,115,0,MGISEQ2000
31,96,76,0,MGISEQ2000
32,109,88,0,MGISEQ2000
33,49,58,0,MGISEQ2000
34,71,53,0,MGISEQ2000
35,46,35,0,MGISEQ2000
36,72,49,0,MGISEQ2000
37,48,56,0,MGISEQ2000
38,43,39,0,MGISEQ2000
39,46,36,0,MGISEQ2000
40,45,44,0,MGISEQ2000
41,37,32,0,MGISEQ2000
42,38,50,0,MGISEQ2000
43,29,20,0,MGISEQ2000
44,39,22,0,MGISEQ2000
45,21,18,0,MGISEQ2000
46,25,14,0,MGISEQ2000
47,9,17,0,MGISEQ2000
48,22,23,0,MGISEQ2000
1,193607,189167,0,MGISEQ2000
2,64132,63278,0,MGISEQ2000
3,23511,22714,0,MGISEQ2000
4,38282,37117,0,MGISEQ2000
5,9597,8801,0,MGISEQ2000
6,10393,8852,1,MGISEQ2000
7,2617,2074,0,MGISEQ2000
8,7718,6793,0,MGISEQ2000
9,2152,1776,0,MGISEQ2000
10,3003,2682,0,MGISEQ2000
11,1148,932,0,MGISEQ2000
12,3276,2982,0,MGISEQ2000
13,824,685,0,MGISEQ2000
14,1293,1026,0,MGISEQ2000
15,834,738,0,MGISEQ2000
16,1369,1183,0,MGISEQ2000
17,432,437,0,MGISEQ2000
18,754,577,0,MGISEQ2000
19,406,357,0,MGISEQ2000
20,737,545,0,MGISEQ2000
21,277,296,0,MGISEQ2000
22,362,281,0,MGISEQ2000
23,212,211,0,MGISEQ2000
24,421,343,0,MGISEQ2000
25,190,147,0,MGISEQ2000
26,210,162,0,MGISEQ2000
27,156,133,0,MGISEQ2000
28,176,183,0,MGISEQ2000
29,97,81,0,MGISEQ2000
30,161,98,0,MGISEQ2000
31,101,71,0,MGISEQ2000
32,120,88,0,MGISEQ2000
33,50,45,0,MGISEQ2000
34,74,42,0,MGISEQ2000
35,58,46,0,MGISEQ2000
36,85,55,0,MGISEQ2000
37,31,45,0,MGISEQ2000
38,48,34,0,MGISEQ2000
39,38,31,0,MGISEQ2000
40,41,36,0,MGISEQ2000
41,39,39,0,MGISEQ2000
42,37,22,0,MGISEQ2000
43,28,16,0,MGISEQ2000
44,37,16,0,MGISEQ2000
45,18,17,0,MGISEQ2000
46,23,14,0,MGISEQ2000
47,15,22,0,MGISEQ2000
48,20,15,0,MGISEQ2000
49,2,0,0,MGISEQ2000
1,193595,189112,0,MGISEQ2000
2,64014,63086,0,MGISEQ2000
3,23467,22750,0,MGISEQ2000
4,38237,37025,0,MGISEQ2000
5,9598,8797,0,MGISEQ2000
6,10385,8841,1,MGISEQ2000
7,2608,2067,0,MGISEQ2000
8,7724,6779,0,MGISEQ2000
9,2149,1804,0,MGISEQ2000
10,3010,2664,0,MGISEQ2000
11,1149,938,0,MGISEQ2000
12,3264,2928,0,MGISEQ2000
13,825,697,0,MGISEQ2000
14,1287,1011,0,MGISEQ2000
15,836,725,0,MGISEQ2000
16,1365,1168,0,MGISEQ2000
17,434,447,0,MGISEQ2000
18,754,566,0,MGISEQ2000
19,409,363,0,MGISEQ2000
20,735,544,0,MGISEQ2000
21,283,288,0,MGISEQ2000
22,367,274,0,MGISEQ2000
23,216,217,0,MGISEQ2000
24,420,351,0,MGISEQ2000
25,192,150,0,MGISEQ2000
26,211,151,0,MGISEQ2000
27,153,136,0,MGISEQ2000
28,173,170,0,MGISEQ2000
29,98,74,0,MGISEQ2000
30,161,103,0,MGISEQ2000
31,103,69,0,MGISEQ2000
32,114,86,0,MGISEQ2000
33,53,43,0,MGISEQ2000
34,74,41,0,MGISEQ2000
35,56,45,0,MGISEQ2000
36,81,50,0,MGISEQ2000
37,33,42,0,MGISEQ2000
38,47,34,0,MGISEQ2000
39,36,30,0,MGISEQ2000
40,41,31,0,MGISEQ2000
41,39,34,0,MGISEQ2000
42,40,24,0,MGISEQ2000
43,28,14,0,MGISEQ2000
44,34,11,0,MGISEQ2000
45,18,18,0,MGISEQ2000
46,20,11,0,MGISEQ2000
47,16,21,0,MGISEQ2000
48,19,17,0,MGISEQ2000
49,2,0,0,MGISEQ2000
1,195134,191540,0,MGISEQ2000
2,66201,64665,0,MGISEQ2000
3,23871,22930,0,MGISEQ2000
4,40468,39032,0,MGISEQ2000
5,9911,9101,0,MGISEQ2000
6,10926,9543,0,MGISEQ2000
7,2730,2134,0,MGISEQ2000
8,8482,7572,0,MGISEQ2000
9,2241,1992,0,MGISEQ2000
10,3301,3060,0,MGISEQ2000
11,1138,966,0,MGISEQ2000
12,3624,3263,0,MGISEQ2000
13,899,743,0,MGISEQ2000
14,1528,1161,0,MGISEQ2000
15,997,856,0,MGISEQ2000
16,1630,1325,0,MGISEQ2000
17,505,474,0,MGISEQ2000
18,867,641,0,MGISEQ2000
19,403,378,0,MGISEQ2000
20,920,684,0,MGISEQ2000
21,314,346,0,MGISEQ2000
22,473,288,0,MGISEQ2000
23,264,230,0,MGISEQ2000
24,528,446,0,MGISEQ2000
25,237,188,0,MGISEQ2000
26,264,190,0,MGISEQ2000
27,174,152,0,MGISEQ2000
28,289,177,0,MGISEQ2000
29,130,98,0,MGISEQ2000
30,217,112,0,MGISEQ2000
31,113,82,0,MGISEQ2000
32,156,107,0,MGISEQ2000
33,68,56,0,MGISEQ2000
34,118,61,0,MGISEQ2000
35,69,49,0,MGISEQ2000
36,107,60,0,MGISEQ2000
37,64,60,0,MGISEQ2000
38,69,41,0,MGISEQ2000
39,56,40,0,MGISEQ2000
40,61,32,0,MGISEQ2000
41,47,44,0,MGISEQ2000
42,48,42,0,MGISEQ2000
43,27,22,0,MGISEQ2000
44,52,27,0,MGISEQ2000
45,30,15,0,MGISEQ2000
46,41,17,0,MGISEQ2000
47,16,24,0,MGISEQ2000
48,26,15,0,MGISEQ2000
49,25,14,0,MGISEQ2000
50,0,0,0,MGISEQ2000
51,0,0,0,MGISEQ2000
52,0,0,0,MGISEQ2000
53,0,0,0,MGISEQ2000
54,0,0,0,MGISEQ2000
55,0,0,0,MGISEQ2000
56,0,0,0,MGISEQ2000
57,2,0,0,MGISEQ2000
58,0,2,0,MGISEQ2000
59,0,0,0,MGISEQ2000
60,2,0,0,MGISEQ2000
61,0,0,0,MGISEQ2000
62,2,0,0,MGISEQ2000
1,191399,187523,0,NovaSeq2x150
2,63292,62288,0,NovaSeq2x150
3,23332,22381,0,NovaSeq2x150
4,38275,36835,0,NovaSeq2x150
5,9585,8768,1,NovaSeq2x150
6,10461,8893,0,NovaSeq2x150
7,2542,2101,0,NovaSeq2x150
8,7684,7023,0,NovaSeq2x150
9,2126,1872,0,NovaSeq2x150
10,2875,2738,0,NovaSeq2x150
11,1101,927,0,NovaSeq2x150
12,3162,2910,0,NovaSeq2x150
13,865,707,0,NovaSeq2x150
14,1337,1083,0,NovaSeq2x150
15,944,755,0,NovaSeq2x150
16,1331,1284,0,NovaSeq2x150
17,462,468,0,NovaSeq2x150
18,749,607,0,NovaSeq2x150
19,384,378,0,NovaSeq2x150
20,712,615,0,NovaSeq2x150
21,273,351,0,NovaSeq2x150
22,405,288,0,NovaSeq2x150
23,221,201,0,NovaSeq2x150
24,400,382,0,NovaSeq2x150
25,200,179,0,NovaSeq2x150
26,236,185,0,NovaSeq2x150
27,141,155,0,NovaSeq2x150
28,184,159,0,NovaSeq2x150
29,96,98,0,NovaSeq2x150
30,159,118,0,NovaSeq2x150
31,98,82,0,NovaSeq2x150
32,111,91,0,NovaSeq2x150
33,52,67,0,NovaSeq2x150
34,78,60,0,NovaSeq2x150
35,46,44,0,NovaSeq2x150
36,73,55,0,NovaSeq2x150
37,50,58,0,NovaSeq2x150
38,42,38,0,NovaSeq2x150
39,49,43,0,NovaSeq2x150
40,49,41,0,NovaSeq2x150
41,37,36,0,NovaSeq2x150
42,40,46,0,NovaSeq2x150
43,29,19,0,NovaSeq2x150
44,39,25,0,NovaSeq2x150
45,20,20,0,NovaSeq2x150
46,24,16,0,NovaSeq2x150
47,8,22,0,NovaSeq2x150
48,20,22,0,NovaSeq2x150
1,193642,189197,0,NovaSeq2x150
2,64174,63290,0,NovaSeq2x150
3,23524,22794,0,NovaSeq2x150
4,38329,37204,0,NovaSeq2x150
5,9617,8849,0,NovaSeq2x150
6,10431,8914,1,NovaSeq2x150
7,2617,2084,0,NovaSeq2x150
8,7719,6899,0,NovaSeq2x150
9,2165,1832,0,NovaSeq2x150
10,3017,2703,0,NovaSeq2x150
11,1152,953,0,NovaSeq2x150
12,3281,3014,0,NovaSeq2x150
13,828,707,0,NovaSeq2x150
14,1291,1039,0,NovaSeq2x150
15,839,763,0,NovaSeq2x150
16,1370,1218,0,NovaSeq2x150
17,438,460,0,NovaSeq2x150
18,761,584,0,NovaSeq2x150
19,413,367,0,NovaSeq2x150
20,744,581,0,NovaSeq2x150
21,286,309,0,NovaSeq2x150
22,370,290,0,NovaSeq2x150
23,215,224,0,NovaSeq2x150
24,426,365,0,NovaSeq2x150
25,190,166,0,NovaSeq2x150
26,210,170,0,NovaSeq2x150
27,160,145,0,NovaSeq2x150
28,175,182,0,NovaSeq2x150
29,101,87,0,NovaSeq2x150
30,165,108,0,NovaSeq2x150
31,105,83,0,NovaSeq2x150
32,118,95,0,NovaSeq2x150
33,52,49,0,NovaSeq2x150
34,70,47,0,NovaSeq2x150
35,58,49,0,NovaSeq2x150
36,84,60,0,NovaSeq2x150
37,33,45,0,NovaSeq2x150
38,46,38,0,NovaSeq2x150
39,40,30,0,NovaSeq2x150
40,44,36,0,NovaSeq2x150
41,38,46,0,NovaSeq2x150
42,41,27,0,NovaSeq2x150
43,28,17,0,NovaSeq2x150
44,35,19,0,NovaSeq2x150
45,18,24,0,NovaSeq2x150
46,23,18,0,NovaSeq2x150
47,16,24,0,NovaSeq2x150
48,20,17,0,NovaSeq2x150
49,2,0,0,NovaSeq2x150
1,195120,191490,0,NovaSeq2x150
2,66207,64553,0,NovaSeq2x150
3,23912,22935,0,NovaSeq2x150
4,40479,39042,0,NovaSeq2x150
5,9945,9091,0,NovaSeq2x150
6,10903,9526,0,NovaSeq2x150
7,2732,2144,0,NovaSeq2x150
8,8469,7573,0,NovaSeq2x150
9,2253,2007,0,NovaSeq2x150
10,3297,3054,0,NovaSeq2x150
11,1147,966,0,NovaSeq2x150
12,3628,3241,0,NovaSeq2x150
13,901,753,0,NovaSeq2x150
14,1529,1157,0,NovaSeq2x150
15,1005,865,0,NovaSeq2x150
16,1631,1342,0,NovaSeq2x150
17,500,481,0,NovaSeq2x150
18,874,639,0,NovaSeq2x150
19,406,385,0,NovaSeq2x150
20,919,681,0,NovaSeq2x150
21,321,354,0,NovaSeq2x150
22,483,309,0,NovaSeq2x150
23,268,232,0,NovaSeq2x150
24,529,441,0,NovaSeq2x150
25,241,185,0,NovaSeq2x150
26,266,195,0,NovaSeq2x150
27,178,160,0,NovaSeq2x150
28,289,177,0,NovaSeq2x150
29,129,98,0,NovaSeq2x150
30,223,124,0,NovaSeq2x150
31,114,88,0,NovaSeq2x150
32,157,107,0,NovaSeq2x150
33,68,60,0,NovaSeq2x150
34,123,54,0,NovaSeq2x150
35,65,53,0,NovaSeq2x150
36,112,73,0,NovaSeq2x150
37,58,62,0,NovaSeq2x150
38,70,50,0,NovaSeq2x150
39,60,39,0,NovaSeq2x150
40,60,35,0,NovaSeq2x150
41,47,47,0,NovaSeq2x150
42,51,41,0,NovaSeq2x150
43,28,22,0,NovaSeq2x150
44,50,24,0,NovaSeq2x150
45,29,14,0,NovaSeq2x150
46,43,15,0,NovaSeq2x150
47,18,24,0,NovaSeq2x150
48,26,17,0,NovaSeq2x150
49,25,17,0,NovaSeq2x150
50,0,0,0,NovaSeq2x150
51,2,0,0,NovaSeq2x150
52,0,0,0,NovaSeq2x150
53,0,0,0,NovaSeq2x150
54,0,0,0,NovaSeq2x150
55,0,0,0,NovaSeq2x150
56,0,0,0,NovaSeq2x150
57,2,0,0,NovaSeq2x150
58,0,2,0,NovaSeq2x150
59,0,0,0,NovaSeq2x150
60,2,0,0,NovaSeq2x150
61,0,0,0,NovaSeq2x150
62,2,0,0,NovaSeq2x150
1,191248,187273,0,NovaSeq2x150
2,63219,62129,0,NovaSeq2x150
3,23291,22333,0,NovaSeq2x150
4,38199,36777,0,NovaSeq2x150
5,9578,8779,1,NovaSeq2x150
6,10412,8893,0,NovaSeq2x150
7,2533,2096,0,NovaSeq2x150
8,7650,6988,0,NovaSeq2x150
9,2116,1865,0,NovaSeq2x150
10,2865,2719,0,NovaSeq2x150
11,1100,926,0,NovaSeq2x150
12,3153,2902,0,NovaSeq2x150
13,864,703,0,NovaSeq2x150
14,1336,1089,0,NovaSeq2x150
15,942,752,0,NovaSeq2x150
16,1340,1282,0,NovaSeq2x150
17,462,473,0,NovaSeq2x150
18,753,610,0,NovaSeq2x150
19,383,384,0,NovaSeq2x150
20,710,612,0,NovaSeq2x150
21,274,355,0,NovaSeq2x150
22,402,292,0,NovaSeq2x150
23,220,204,0,NovaSeq2x150
24,401,382,0,NovaSeq2x150
25,201,180,0,NovaSeq2x150
26,234,182,0,NovaSeq2x150
27,143,159,0,NovaSeq2x150
28,185,153,0,NovaSeq2x150
29,93,100,0,NovaSeq2x150
30,155,127,0,NovaSeq2x150
31,99,83,0,NovaSeq2x150
32,110,94,0,NovaSeq2x150
33,52,62,0,NovaSeq2x150
34,77,59,0,NovaSeq2x150
35,46,43,0,NovaSeq2x150
36,72,56,0,NovaSeq2x150
37,50,61,0,NovaSeq2x150
38,42,43,0,NovaSeq2x150
39,49,40,0,NovaSeq2x150
40,49,43,0,NovaSeq2x150
41,38,38,0,NovaSeq2x150
42,41,52,0,NovaSeq2x150
43,29,21,0,NovaSeq2x150
44,40,28,0,NovaSeq2x150
45,20,18,0,NovaSeq2x150
46,26,16,0,NovaSeq2x150
47,10,20,0,NovaSeq2x150
48,22,22,0,NovaSeq2x150
49,0,0,0,NovaSeq2x150
50,0,0,0,NovaSeq2x150
51,0,0,0,NovaSeq2x150
52,0,0,0,NovaSeq2x150
53,0,0,0,NovaSeq2x150
54,0,0,0,NovaSeq2x150
55,0,0,0,NovaSeq2x150
56,0,0,0,NovaSeq2x150
57,0,0,0,NovaSeq2x150
58,0,0,0,NovaSeq2x150
59,0,0,0,NovaSeq2x150
60,0,0,0,NovaSeq2x150
61,0,0,0,NovaSeq2x150
62,0,0,0,NovaSeq2x150
63,0,0,0,NovaSeq2x150
64,0,0,0,NovaSeq2x150
65,0,0,0,NovaSeq2x150
66,0,0,0,NovaSeq2x150
67,0,1,0,NovaSeq2x150
1,193462,188953,0,NovaSeq2x150
2,64075,63155,0,NovaSeq2x150
3,23520,22745,0,NovaSeq2x150
4,38288,37183,0,NovaSeq2x150
5,9599,8820,0,NovaSeq2x150
6,10408,8899,1,NovaSeq2x150
7,2620,2082,0,NovaSeq2x150
8,7742,6884,0,NovaSeq2x150
9,2161,1825,0,NovaSeq2x150
10,3006,2695,0,NovaSeq2x150
11,1151,950,0,NovaSeq2x150
12,3284,2999,0,NovaSeq2x150
13,828,702,0,NovaSeq2x150
14,1294,1033,0,NovaSeq2x150
15,838,746,0,NovaSeq2x150
16,1373,1212,0,NovaSeq2x150
17,440,457,0,NovaSeq2x150
18,759,596,0,NovaSeq2x150
19,411,365,0,NovaSeq2x150
20,747,569,0,NovaSeq2x150
21,286,313,0,NovaSeq2x150
22,369,300,0,NovaSeq2x150
23,214,224,0,NovaSeq2x150
24,424,375,0,NovaSeq2x150
25,191,171,0,NovaSeq2x150
26,213,178,0,NovaSeq2x150
27,161,145,0,NovaSeq2x150
28,176,182,0,NovaSeq2x150
29,99,91,0,NovaSeq2x150
30,165,114,0,NovaSeq2x150
31,104,81,0,NovaSeq2x150
32,119,95,0,NovaSeq2x150
33,55,49,0,NovaSeq2x150
34,71,52,0,NovaSeq2x150
35,59,49,0,NovaSeq2x150
36,81,65,0,NovaSeq2x150
37,33,46,0,NovaSeq2x150
38,49,44,0,NovaSeq2x150
39,40,29,0,NovaSeq2x150
40,44,39,0,NovaSeq2x150
41,40,43,0,NovaSeq2x150
42,41,32,0,NovaSeq2x150
43,28,16,0,NovaSeq2x150
44,38,18,0,NovaSeq2x150
45,19,22,0,NovaSeq2x150
46,24,20,0,NovaSeq2x150
47,17,25,0,NovaSeq2x150
48,20,19,0,NovaSeq2x150
49,2,0,0,NovaSeq2x150
1,194685,191024,0,NovaSeq2x150
2,65941,64375,0,NovaSeq2x150
3,23827,22824,0,NovaSeq2x150
4,40290,38789,0,NovaSeq2x150
5,9909,9071,0,NovaSeq2x150
6,10837,9419,0,NovaSeq2x150
7,2723,2138,0,NovaSeq2x150
8,8426,7429,0,NovaSeq2x150
9,2236,1997,0,NovaSeq2x150
10,3284,3023,0,NovaSeq2x150
11,1141,970,0,NovaSeq2x150
12,3596,3200,0,NovaSeq2x150
13,893,753,0,NovaSeq2x150
14,1533,1138,0,NovaSeq2x150
15,998,855,0,NovaSeq2x150
16,1615,1321,0,NovaSeq2x150
17,503,481,0,NovaSeq2x150
18,874,642,0,NovaSeq2x150
19,407,391,0,NovaSeq2x150
20,914,657,0,NovaSeq2x150
21,317,347,0,NovaSeq2x150
22,479,296,0,NovaSeq2x150
23,268,234,0,NovaSeq2x150
24,522,428,0,NovaSeq2x150
25,237,181,0,NovaSeq2x150
26,270,196,0,NovaSeq2x150
27,177,158,0,NovaSeq2x150
28,286,170,0,NovaSeq2x150
29,131,100,0,NovaSeq2x150
30,216,124,0,NovaSeq2x150
31,112,86,0,NovaSeq2x150
32,152,108,0,NovaSeq2x150
33,70,60,0,NovaSeq2x150
34,126,60,0,NovaSeq2x150
35,63,51,0,NovaSeq2x150
36,103,71,0,NovaSeq2x150
37,59,64,0,NovaSeq2x150
38,71,48,0,NovaSeq2x150
39,60,42,0,NovaSeq2x150
40,59,32,0,NovaSeq2x150
41,49,47,0,NovaSeq2x150
42,52,44,0,NovaSeq2x150
43,28,20,0,NovaSeq2x150
44,52,25,0,NovaSeq2x150
45,30,15,0,NovaSeq2x150
46,41,17,0,NovaSeq2x150
47,16,23,0,NovaSeq2x150
48,26,18,0,NovaSeq2x150
49,22,17,0,NovaSeq2x150
50,0,0,0,NovaSeq2x150
51,2,0,0,NovaSeq2x150
52,0,0,0,NovaSeq2x150
53,0,0,0,NovaSeq2x150
54,0,0,0,NovaSeq2x150
55,0,0,0,NovaSeq2x150
56,0,0,0,NovaSeq2x150
57,2,0,0,NovaSeq2x150
58,0,2,0,NovaSeq2x150
59,0,0,0,NovaSeq2x150
60,2,0,0,NovaSeq2x150
61,0,0,0,NovaSeq2x150
62,2,0,0,NovaSeq2x150
1,191594,187614,0,NovaSeq2x250
2,63408,62358,0,NovaSeq2x250
3,23348,22419,0,NovaSeq2x250
4,38370,36866,0,NovaSeq2x250
5,9591,8789,1,NovaSeq2x250
6,10472,8896,0,NovaSeq2x250
7,2558,2117,0,NovaSeq2x250
8,7699,7011,0,NovaSeq2x250
9,2130,1878,0,NovaSeq2x250
10,2872,2746,0,NovaSeq2x250
11,1103,927,0,NovaSeq2x250
12,3180,2929,0,NovaSeq2x250
13,865,708,0,NovaSeq2x250
14,1346,1102,0,NovaSeq2x250
15,952,777,0,NovaSeq2x250
16,1334,1296,0,NovaSeq2x250
17,462,471,0,NovaSeq2x250
18,759,628,0,NovaSeq2x250
19,388,385,0,NovaSeq2x250
20,720,618,0,NovaSeq2x250
21,274,350,0,NovaSeq2x250
22,406,291,0,NovaSeq2x250
23,225,205,0,NovaSeq2x250
24,404,393,0,NovaSeq2x250
25,204,180,0,NovaSeq2x250
26,237,190,0,NovaSeq2x250
27,143,158,0,NovaSeq2x250
28,189,161,0,NovaSeq2x250
29,96,104,0,NovaSeq2x250
30,160,122,0,NovaSeq2x250
31,100,84,0,NovaSeq2x250
32,112,102,0,NovaSeq2x250
33,53,61,0,NovaSeq2x250
34,77,64,0,NovaSeq2x250
35,46,43,0,NovaSeq2x250
36,75,58,0,NovaSeq2x250
37,50,60,0,NovaSeq2x250
38,43,49,0,NovaSeq2x250
39,49,42,0,NovaSeq2x250
40,52,46,0,NovaSeq2x250
41,38,39,0,NovaSeq2x250
42,41,50,0,NovaSeq2x250
43,26,22,0,NovaSeq2x250
44,41,27,0,NovaSeq2x250
45,21,16,0,NovaSeq2x250
46,26,19,0,NovaSeq2x250
47,9,19,0,NovaSeq2x250
48,22,21,0,NovaSeq2x250
49,0,0,0,NovaSeq2x250
50,0,0,0,NovaSeq2x250
51,0,0,0,NovaSeq2x250
52,0,0,0,NovaSeq2x250
53,0,0,0,NovaSeq2x250
54,0,0,0,NovaSeq2x250
55,0,0,0,NovaSeq2x250
56,0,0,0,NovaSeq2x250
57,0,0,0,NovaSeq2x250
58,0,0,0,NovaSeq2x250
59,0,0,0,NovaSeq2x250
60,0,0,0,NovaSeq2x250
61,0,0,0,NovaSeq2x250
62,0,0,0,NovaSeq2x250
63,0,0,0,NovaSeq2x250
64,0,0,0,NovaSeq2x250
65,0,0,0,NovaSeq2x250
66,0,0,0,NovaSeq2x250
67,0,1,0,NovaSeq2x250
1,193855,189411,0,NovaSeq2x250
2,64274,63446,0,NovaSeq2x250
3,23578,22851,0,NovaSeq2x250
4,38464,37338,0,NovaSeq2x250
5,9638,8855,0,NovaSeq2x250
6,10466,8977,1,NovaSeq2x250
7,2626,2106,0,NovaSeq2x250
8,7806,6952,0,NovaSeq2x250
9,2171,1847,0,NovaSeq2x250
10,3019,2713,0,NovaSeq2x250
11,1151,952,0,NovaSeq2x250
12,3309,3072,0,NovaSeq2x250
13,828,721,0,NovaSeq2x250
14,1296,1060,0,NovaSeq2x250
15,844,774,0,NovaSeq2x250
16,1383,1231,0,NovaSeq2x250
17,435,464,0,NovaSeq2x250
18,764,606,0,NovaSeq2x250
19,414,373,0,NovaSeq2x250
20,747,591,0,NovaSeq2x250
21,288,314,0,NovaSeq2x250
22,373,304,0,NovaSeq2x250
23,219,229,0,NovaSeq2x250
24,429,392,0,NovaSeq2x250
25,195,174,0,NovaSeq2x250
26,213,180,0,NovaSeq2x250
27,160,146,0,NovaSeq2x250
28,182,188,0,NovaSeq2x250
29,102,91,0,NovaSeq2x250
30,168,119,0,NovaSeq2x250
31,108,83,0,NovaSeq2x250
32,123,103,0,NovaSeq2x250
33,55,53,0,NovaSeq2x250
34,78,54,0,NovaSeq2x250
35,61,53,0,NovaSeq2x250
36,83,70,0,NovaSeq2x250
37,34,46,0,NovaSeq2x250
38,50,43,0,NovaSeq2x250
39,40,33,0,NovaSeq2x250
40,46,41,0,NovaSeq2x250
41,40,45,0,NovaSeq2x250
42,42,33,0,NovaSeq2x250
43,28,19,0,NovaSeq2x250
44,39,20,0,NovaSeq2x250
45,19,19,0,NovaSeq2x250
46,24,20,0,NovaSeq2x250
47,16,21,0,NovaSeq2x250
48,20,21,0,NovaSeq2x250
49,2,0,0,NovaSeq2x250
1,195273,191691,0,NovaSeq2x250
2,66358,64774,0,NovaSeq2x250
3,23951,22995,0,NovaSeq2x250
4,40617,39101,0,NovaSeq2x250
5,9954,9132,0,NovaSeq2x250
6,10958,9578,0,NovaSeq2x250
7,2741,2157,0,NovaSeq2x250
8,8532,7653,0,NovaSeq2x250
9,2257,2018,0,NovaSeq2x250
10,3321,3074,0,NovaSeq2x250
11,1148,974,0,NovaSeq2x250
12,3655,3296,0,NovaSeq2x250
13,903,762,0,NovaSeq2x250
14,1541,1180,0,NovaSeq2x250
15,1013,875,0,NovaSeq2x250
16,1640,1354,0,NovaSeq2x250
17,505,481,0,NovaSeq2x250
18,884,672,0,NovaSeq2x250
19,403,396,0,NovaSeq2x250
20,934,701,0,NovaSeq2x250
21,322,356,0,NovaSeq2x250
22,488,309,0,NovaSeq2x250
23,268,226,0,NovaSeq2x250
24,533,474,0,NovaSeq2x250
25,244,195,0,NovaSeq2x250
26,279,203,0,NovaSeq2x250
27,179,156,0,NovaSeq2x250
28,294,194,0,NovaSeq2x250
29,135,109,0,NovaSeq2x250
30,226,137,0,NovaSeq2x250
31,115,83,0,NovaSeq2x250
32,163,110,0,NovaSeq2x250
33,68,62,0,NovaSeq2x250
34,129,63,0,NovaSeq2x250
35,68,56,0,NovaSeq2x250
36,118,79,0,NovaSeq2x250
37,62,65,0,NovaSeq2x250
38,71,52,0,NovaSeq2x250
39,62,47,0,NovaSeq2x250
40,61,36,0,NovaSeq2x250
41,50,47,0,NovaSeq2x250
42,55,50,0,NovaSeq2x250
43,30,22,0,NovaSeq2x250
44,51,29,0,NovaSeq2x250
45,32,16,0,NovaSeq2x250
46,44,18,0,NovaSeq2x250
47,18,22,0,NovaSeq2x250
48,28,21,0,NovaSeq2x250
49,26,15,0,NovaSeq2x250
50,0,0,0,NovaSeq2x250
51,2,0,0,NovaSeq2x250
52,0,0,0,NovaSeq2x250
53,0,0,0,NovaSeq2x250
54,0,0,0,NovaSeq2x250
55,0,0,0,NovaSeq2x250
56,0,0,0,NovaSeq2x250
57,2,0,0,NovaSeq2x250
58,0,2,0,NovaSeq2x250
59,0,0,0,NovaSeq2x250
60,0,0,0,NovaSeq2x250
61,0,0,0,NovaSeq2x250
62,2,0,0,NovaSeq2x250
1,162879,152847,0,PacBio
2,57763,53900,0,PacBio
3,21517,20287,0,PacBio
4,38263,36527,0,PacBio
5,9217,8380,0,PacBio
6,10268,8839,0,PacBio
7,2450,1892,0,PacBio
8,8011,7210,0,PacBio
9,2053,1874,0,PacBio
10,3124,2921,0,PacBio
11,1095,925,0,PacBio
12,3476,3172,0,PacBio
13,855,734,0,PacBio
14,1473,1117,0,PacBio
15,953,778,0,PacBio
16,1335,1181,0,PacBio
17,451,461,0,PacBio
18,745,572,0,PacBio
19,359,363,0,PacBio
20,780,536,0,PacBio
21,286,310,0,PacBio
22,414,257,0,PacBio
23,236,192,0,PacBio
24,454,361,0,PacBio
25,209,163,0,PacBio
26,232,170,0,PacBio
27,162,127,0,PacBio
28,229,132,0,PacBio
29,120,84,0,PacBio
30,184,95,0,PacBio
31,102,75,0,PacBio
32,125,80,0,PacBio
33,63,58,0,PacBio
34,105,48,0,PacBio
35,56,41,0,PacBio
36,97,54,0,PacBio
37,55,51,0,PacBio
38,61,36,0,PacBio
39,55,35,0,PacBio
40,53,30,0,PacBio
41,45,42,0,PacBio
42,44,31,0,PacBio
43,25,15,0,PacBio
44,46,18,0,PacBio
45,26,14,0,PacBio
46,35,9,0,PacBio
47,15,15,0,PacBio
48,24,14,0,PacBio
49,25,14,0,PacBio
1,161419,168109,0,PacBio
2,58199,55706,0,PacBio
3,21700,20770,0,PacBio
4,38297,36724,0,PacBio
5,9313,8422,0,PacBio
6,10260,8864,0,PacBio
7,2464,1920,0,PacBio
8,7976,7243,0,PacBio
9,2042,1888,0,PacBio
10,3146,2932,0,PacBio
11,1090,917,0,PacBio
12,3468,3163,0,PacBio
13,860,726,0,PacBio
14,1468,1108,0,PacBio
15,955,787,0,PacBio
16,1304,1180,0,PacBio
17,430,453,0,PacBio
18,737,556,0,PacBio
19,357,357,0,PacBio
20,771,520,0,PacBio
21,276,304,0,PacBio
22,388,239,0,PacBio
23,233,181,0,PacBio
24,436,352,0,PacBio
25,206,163,0,PacBio
26,220,164,0,PacBio
27,158,130,0,PacBio
28,227,132,0,PacBio
29,116,77,0,PacBio
30,182,91,0,PacBio
31,88,75,0,PacBio
32,122,82,0,PacBio
33,58,51,0,PacBio
34,97,41,0,PacBio
35,61,42,0,PacBio
36,90,53,0,PacBio
37,52,48,0,PacBio
38,56,33,0,PacBio
39,54,34,0,PacBio
40,55,27,0,PacBio
41,44,40,0,PacBio
42,45,38,0,PacBio
43,23,16,0,PacBio
44,46,21,0,PacBio
45,27,16,0,PacBio
46,34,10,0,PacBio
47,13,18,0,PacBio
48,26,10,0,PacBio
49,25,12,0,PacBio
1,162882,168855,0,PacBio
2,58008,55288,0,PacBio
3,21657,20698,0,PacBio
4,38155,36333,0,PacBio
5,9299,8404,0,PacBio
6,10200,8722,0,PacBio
7,2497,1928,0,PacBio
8,7981,7099,0,PacBio
9,2049,1885,0,PacBio
10,3118,2892,0,PacBio
11,1100,926,0,PacBio
12,3444,3107,0,PacBio
13,861,736,0,PacBio
14,1470,1100,0,PacBio
15,953,798,0,PacBio
16,1336,1171,0,PacBio
17,446,451,0,PacBio
18,765,550,0,PacBio
19,341,364,0,PacBio
20,771,537,0,PacBio
21,291,310,0,PacBio
22,402,250,0,PacBio
23,227,189,0,PacBio
24,438,364,0,PacBio
25,194,166,0,PacBio
26,227,156,0,PacBio
27,159,128,0,PacBio
28,226,148,0,PacBio
29,118,84,0,PacBio
30,174,88,0,PacBio
31,93,78,0,PacBio
32,126,80,0,PacBio
33,63,53,0,PacBio
34,105,45,0,PacBio
35,61,45,0,PacBio
36,97,55,0,PacBio
37,49,51,0,PacBio
38,60,40,0,PacBio
39,44,31,0,PacBio
40,57,28,0,PacBio
41,45,43,0,PacBio
42,41,36,0,PacBio
43,28,15,0,PacBio
44,49,23,0,PacBio
45,29,12,0,PacBio
46,39,13,0,PacBio
47,16,19,0,PacBio
48,26,16,0,PacBio
49,25,11,0,PacBio
1,43051,44153,0,PromethION
2,19005,16378,0,PromethION
3,12568,10791,0,PromethION
4,17623,13744,0,PromethION
5,5739,4244,0,PromethION
6,2636,1775,0,PromethION
7,1413,874,0,PromethION
8,1743,1035,0,PromethION
9,965,628,0,PromethION
10,817,421,0,PromethION
11,626,388,0,PromethION
12,923,427,0,PromethION
13,492,251,0,PromethION
14,457,178,0,PromethION
15,288,113,0,PromethION
16,159,121,0,PromethION
17,87,78,0,PromethION
18,87,70,0,PromethION
19,92,81,0,PromethION
20,86,79,0,PromethION
21,66,48,0,PromethION
22,54,40,0,PromethION
23,52,37,0,PromethION
24,48,39,0,PromethION
25,54,25,0,PromethION
26,41,23,0,PromethION
27,32,20,0,PromethION
28,55,20,0,PromethION
29,21,7,0,PromethION
30,20,8,0,PromethION
31,18,18,0,PromethION
32,16,11,0,PromethION
33,10,4,0,PromethION
34,15,1,0,PromethION
35,9,7,0,PromethION
36,15,6,0,PromethION
37,11,1,0,PromethION
38,6,0,0,PromethION
39,11,1,0,PromethION
40,12,4,0,PromethION
41,6,5,0,PromethION
42,8,1,0,PromethION
43,5,2,0,PromethION
44,10,3,0,PromethION
45,6,1,0,PromethION
46,5,2,0,PromethION
47,2,0,0,PromethION
48,4,0,0,PromethION
49,4,0,0,PromethION
1,43145,44174,0,PromethION
2,19031,16445,0,PromethION
3,12591,10815,0,PromethION
4,17630,13793,0,PromethION
5,5726,4260,0,PromethION
6,2628,1793,0,PromethION
7,1397,881,0,PromethION
8,1749,1038,0,PromethION
9,970,634,0,PromethION
10,814,416,0,PromethION
11,619,388,0,PromethION
12,924,423,0,PromethION
13,487,254,0,PromethION
14,457,172,0,PromethION
15,298,112,0,PromethION
16,165,111,0,PromethION
17,80,72,0,PromethION
18,73,73,0,PromethION
19,82,86,0,PromethION
20,91,76,0,PromethION
21,64,43,0,PromethION
22,56,36,0,PromethION
23,49,30,0,PromethION
24,41,36,0,PromethION
25,55,21,0,PromethION
26,39,21,0,PromethION
27,41,18,0,PromethION
28,52,19,0,PromethION
29,21,9,0,PromethION
30,21,8,0,PromethION
31,19,18,0,PromethION
32,21,11,0,PromethION
33,7,4,0,PromethION
34,15,2,0,PromethION
35,11,7,0,PromethION
36,13,9,0,PromethION
37,12,1,0,PromethION
38,4,0,0,PromethION
39,13,1,0,PromethION
40,12,4,0,PromethION
41,8,5,0,PromethION
42,9,1,0,PromethION
43,5,0,0,PromethION
44,9,3,0,PromethION
45,6,1,0,PromethION
46,2,0,0,PromethION
47,2,0,0,PromethION
48,2,0,0,PromethION
49,4,0,0,PromethION
1,39896,47616,0,PromethION
2,17927,17052,0,PromethION
3,12074,11163,0,PromethION
4,16733,14401,0,PromethION
5,5386,4422,0,PromethION
6,2565,1856,0,PromethION
7,1353,952,0,PromethION
8,1710,1052,0,PromethION
9,938,682,0,PromethION
10,825,504,0,PromethION
11,601,418,0,PromethION
12,907,423,0,PromethION
13,456,279,0,PromethION
14,458,177,0,PromethION
15,282,109,0,PromethION
16,147,145,0,PromethION
17,79,87,0,PromethION
18,71,64,0,PromethION
19,68,61,0,PromethION
20,71,70,0,PromethION
21,39,48,0,PromethION
22,56,27,0,PromethION
23,52,26,0,PromethION
24,40,43,0,PromethION
25,33,12,0,PromethION
26,37,17,0,PromethION
27,30,12,0,PromethION
28,49,13,0,PromethION
29,24,7,0,PromethION
30,16,12,0,PromethION
31,16,10,0,PromethION
32,15,9,0,PromethION
33,6,3,0,PromethION
34,12,5,0,PromethION
35,12,4,0,PromethION
36,16,4,0,PromethION
37,15,3,0,PromethION
38,7,6,0,PromethION
39,9,2,0,PromethION
40,8,5,0,PromethION
41,6,2,0,PromethION
42,9,1,0,PromethION
43,6,0,0,PromethION
44,7,1,0,PromethION
45,5,1,0,PromethION
46,2,1,0,PromethION
47,3,0,0,PromethION
48,4,0,0,PromethION
49,6,0,0,PromethION
